Company,Description,Employees 2025,Employees 2026,Growth,Hires,Sector,Headquarters,Website
Battri,Recyclage des batteries lithium-ion,11,26,237%,15,"Industry & Supply (Hardware, IoT, Robotics, AR/VR, SpaceTech, Defence, Supply Chain, Mobility & Smart City, AgriTech, ...)",Hauts-de-France,abby.fr
Kolecto,La solution de gestion des TPE-PME qui font l'économie française,47,136,189%,89,"FinTech (Payment, InsurTech, Crowdfunding, WealthTech, Proptech, Web3, ...)",Île-de-France,kolecto.fr
Foodflow,"Néodistributeur pour les professionnels de la restauration simple, rapide et transparent",19,54,184%,35,"Distribution & BtoC (RetailTech, e-commerce, Marketplace, Foodtech, Luxury, TravelTech, ...)",Île-de-France,FoodFlow.com
Qevlar Ai,Plateforme SOC IA qui n’hallucine pas,16,45,181%,29,"DeepTech (IA, Cybersecurity, Cloud, ...)",Île-de-France,qevlar.com
Getvocal Ai,Gagnez la confiance de vos clients avec des agents hybrides humain-IA,19,53,179%,34,"BtoB Tools (LegalTech, EdTech, HRTech, Collaborative Tools, CRM, ERP, ...)",Île-de-France,getvocal.ai
Reusses,Confiez les vêtements que vous ne portez plus à une de nos reusses. *Statut VDI intégré,200,550,175%,350,"Distribution & BtoC (RetailTech, e-commerce, Marketplace, Foodtech, Luxury, TravelTech, ...)",Île-de-France,reusses.com
Mistral Ai,IA de pointe. Entre vos mains.,270,687,154%,417,"BtoB Tools (LegalTech, EdTech, HRTech, Collaborative Tools, CRM, ERP, ...)",Île-de-France,mistral.ai
Revolt.Eco,Le système d'exploitation des installateurs de la transition énergétique,10,25,150%,15,"Impact (GreenTech, Decarbonation, Energy, Non profit, ...)",Île-de-France,revolt.eco
Tomorro,"La gestion de contrats, à l’ère de l’IA",73,180,146%,107,"BtoB Tools (LegalTech, EdTech, HRTech, Collaborative Tools, CRM, ERP, ...)",Île-de-France,tomorro.com
Hexana,Système nucléaire modulaire et flexible de 4e génération,25,60,140%,35,"Industry & Supply (Hardware, IoT, Robotics, AR/VR, SpaceTech, Defence, Supply Chain, Mobility & Smart City, AgriTech, ...)",Provence-Alpes-Côte d’Azur,hexana.fr
Spore.Bio,La nouvelle technologie de tests microbiologiques ultra-rapides basée sur l’IA,18,43,139%,25,"HealthTech (Health Services, MedTech, Pharma, BioTech, Mental Health, ...)",Île-de-France,Spore.bio
Dust,Le système d’exploitation pour agents IA,47,112,138%,65,"BtoB Tools (LegalTech, EdTech, HRTech, Collaborative Tools, CRM, ERP, ...)",Île-de-France,dust.tt
Noota,L'IA faite pour les recruteurs.,14,33,136%,19,"BtoB Tools (LegalTech, EdTech, HRTech, Collaborative Tools, CRM, ERP, ...)",Île-de-France,noota.io
Konectiv,"Portage salarial en combinant un accompagnement humain sur-mesure, transparence des frais et outils digitaux performants pour faire de l’indépendance un accélérateur de carrière",45,102,127%,57,"BtoB Tools (LegalTech, EdTech, HRTech, Collaborative Tools, CRM, ERP, ...)",Provence-Alpes-Côte d’Azur,konectiv.fr
Spiko,Rémunérez votre trésorerie au taux sans risque,12,27,125%,15,"FinTech (Payment, InsurTech, Crowdfunding, WealthTech, Proptech, Web3, ...)",Île-de-France,spiko.io
Kenko,L'assurance qui s’adapte à la santé de vos collaborateurs,14,31,121%,17,"FinTech (Payment, InsurTech, Crowdfunding, WealthTech, Proptech, Web3, ...)",Île-de-France,kenko.fr
Tilt,Révélez tout le potentiel de la flexibilité électrique,10,22,120%,21,"Impact (GreenTech, Decarbonation, Energy, Non profit, ...)",Île-de-France,tilt-energy.com
Rosk,L'application des professionnels de la restauration,13,28,115%,15,"BtoB Tools (LegalTech, EdTech, HRTech, Collaborative Tools, CRM, ERP, ...)",Île-de-France,rosk.com
Cureety,"Cureety accompagne les patients, les professionnels de santé, et les chercheurs dans leur lutte contre le cancer.",40,85,113%,45,"HealthTech (Health Services, MedTech, Pharma, BioTech, Mental Health, ...)",Île-de-France,cureety.com
Tamtam,Les agents IA pour la vente complexe,10,21,110%,11,"BtoB Tools (LegalTech, EdTech, HRTech, Collaborative Tools, CRM, ERP, ...)",Île-de-France,tamtam.ai
Reelevant,Personnaliser l'expérience client automatiquement,12,25,108%,13,"MarTech (Ad-Tech, Marketing Automation, CRM, DMP & Analytics, SEO, ...)",Île-de-France,reelevant.com
Electra,Réseau de recharge ultra rapide pour véhicule électrique partout en Europe,125,254,103%,129,"Industry & Supply (Hardware, IoT, Robotics, AR/VR, SpaceTech, Defence, Supply Chain, Mobility & Smart City, AgriTech, ...)",Île-de-France,go-electra.com
Raidium,L’IA universelle pour la radiologie,20,40,100%,20,"HealthTech (Health Services, MedTech, Pharma, BioTech, Mental Health, ...)",Île-de-France,raidium.eu
Upway,L'expert du vélo électrique reconditionné,50,100,100%,50,"Impact (GreenTech, Decarbonation, Energy, Non profit, ...)",Île-de-France,upway.shop
Harmattan Ai,Construire l’avenir de la guerre autonome,50,96,92%,46,"Industry & Supply (Hardware, IoT, Robotics, AR/VR, SpaceTech, Defence, Supply Chain, Mobility & Smart City, AgriTech, ...)",Île-de-France,harmattan.ai
Diagnoly,Diagnostics échographiques fœtaux par IA / transformer le dépistage obstétrical,10,19,90%,9,"HealthTech (Health Services, MedTech, Pharma, BioTech, Mental Health, ...)",Auvergne-Rhône-Alpes,diagnoly.com
Malibou,Logiciel RH et paie tout-en-un pour les PME européennes,18,33,83%,15,"BtoB Tools (LegalTech, EdTech, HRTech, Collaborative Tools, CRM, ERP, ...)",Île-de-France,malibou.co
Sora,Réinventons la sous-location,11,20,82%,9,"FinTech (Payment, InsurTech, Crowdfunding, WealthTech, Proptech, Web3, ...)",Île-de-France,sora.space
Aive,Le copilote IA créatif qui automatise la production vidéo,31,56,81%,25,"BtoB Tools (LegalTech, EdTech, HRTech, Collaborative Tools, CRM, ERP, ...)",Île-de-France,aive.com
Luniwave,Mettez en avant vos actions RSE et récompensez vos clients,10,18,80%,8,"Impact (GreenTech, Decarbonation, Energy, Non profit, ...)",Île-de-France,luniwave.com
MyUnisoft,La première plateforme dédiée aux experts-comptables 100% souveraine,124,223,80%,99,"BtoB Tools (LegalTech, EdTech, HRTech, Collaborative Tools, CRM, ERP, ...)",Île-de-France,myunisoft.fr
Infinite Orbits,Façonner l’avenir des services en orbite,57,102,79%,45,"Industry & Supply (Hardware, IoT, Robotics, AR/VR, SpaceTech, Defence, Supply Chain, Mobility & Smart City, AgriTech, ...)",Occitanie,infiniteorbits.io
Ncodin,Un interposeur optique,19,34,79%,15,"Industry & Supply (Hardware, IoT, Robotics, AR/VR, SpaceTech, Defence, Supply Chain, Mobility & Smart City, AgriTech, ...)",Île-de-France,ncodin.com
Akteo,AKteurs de la décarbonation,26,46,78%,20,"Impact (GreenTech, Decarbonation, Energy, Non profit, ...)",Pays de la Loire,akteo.fr
Favikon,Plateforme de marketing d’influence B2B propulsée par l’IA,101,178,76%,77,"BtoB Tools (LegalTech, EdTech, HRTech, Collaborative Tools, CRM, ERP, ...)",Île-de-France,favikon.com
Vizzia,Le partenaire des collectivités,42,74,76%,32,"BtoB Tools (LegalTech, EdTech, HRTech, Collaborative Tools, CRM, ERP, ...)",Île-de-France,vizzia.fr
Yneuro,Plongez dans le futur de l’authentification personnelle,12,21,75%,9,"BtoB Tools (LegalTech, EdTech, HRTech, Collaborative Tools, CRM, ERP, ...)",Île-de-France,www.yneuro.com
Look Up Space,Protéger les actifs et les opérations spatiales pour une vie meilleure sur terre,65,112,72%,47,"Industry & Supply (Hardware, IoT, Robotics, AR/VR, SpaceTech, Defence, Supply Chain, Mobility & Smart City, AgriTech, ...)",Occitanie,lookupspace.com
Leakmited,"Réduisez durablement les pertes d’eau de votre réseau, sans risque pour votre budget.",27,46,70%,19,"Industry & Supply (Hardware, IoT, Robotics, AR/VR, SpaceTech, Defence, Supply Chain, Mobility & Smart City, AgriTech, ...)",Île-de-France,leakmited.com
Witivio,Nous créons des solutions IA pour Microsoft 365,23,39,70%,16,"BtoB Tools (LegalTech, EdTech, HRTech, Collaborative Tools, CRM, ERP, ...)",Île-de-France,witivio.com
Toporder,La caisse enregistreuse des commerces modernes,27,46,70%,19,"BtoB Tools (LegalTech, EdTech, HRTech, Collaborative Tools, CRM, ERP, ...)",Auvergne-Rhône-Alpes,toporder.fr
Sustainsoft,La conformité ESG simplifiée,10,17,70%,7,"BtoB Tools (LegalTech, EdTech, HRTech, Collaborative Tools, CRM, ERP, ...)",Île-de-France,sustainsoft.eu
Delivery Car,Convoyage de vos véhicules,36,61,69%,25,"Industry & Supply (Hardware, IoT, Robotics, AR/VR, SpaceTech, Defence, Supply Chain, Mobility & Smart City, AgriTech, ...)",Île-de-France,deliverycar.fr
Cercle Des Langues,Prenez plaisir à parler une nouvelle langue,58,97,67%,39,"BtoB Tools (LegalTech, EdTech, HRTech, Collaborative Tools, CRM, ERP, ...)",Île-de-France,cercledeslangues.com
Gen-Hy,Solutions hydrogène,15,25,67%,10,"Impact (GreenTech, Decarbonation, Energy, Non profit, ...)",Île-de-France,gen-hy.com
Skynopy,Le service de station sol de bout en bout,18,30,66%,12,"Industry & Supply (Hardware, IoT, Robotics, AR/VR, SpaceTech, Defence, Supply Chain, Mobility & Smart City, AgriTech, ...)",Île-de-France,skynopy.com
Legalplace,Lancez votre entreprise dès aujourd'hui,182,301,65%,119,"BtoB Tools (LegalTech, EdTech, HRTech, Collaborative Tools, CRM, ERP, ...)",Île-de-France,legalplace.fr
Dfns,Contrôlez tout ce que vous construisez et exécutez sur les blockchains partout dans le monde.,20,33,65%,13,"FinTech (Payment, InsurTech, Crowdfunding, WealthTech, Proptech, Web3, ...)",Île-de-France,dfns.co
One Biosciences,Médecine de précision haute résolution,22,36,64%,14,"HealthTech (Health Services, MedTech, Pharma, BioTech, Mental Health, ...)",Île-de-France,onebiosciences.fr
Nova Carbon,Composites en fibre de carbone durables haute performance,14,23,64%,9,"Industry & Supply (Hardware, IoT, Robotics, AR/VR, SpaceTech, Defence, Supply Chain, Mobility & Smart City, AgriTech, ...)",Nouvelle-Aquitaine,nova-carbon.com
Maki,Scaler vos recrutements parfaitement,73,120,64%,47,"BtoB Tools (LegalTech, EdTech, HRTech, Collaborative Tools, CRM, ERP, ...)",Île-de-France,makipeople.com
Muchbetter,Leader français de l’entrainement commercial grâce à l’IA,19,31,63%,12,"BtoB Tools (LegalTech, EdTech, HRTech, Collaborative Tools, CRM, ERP, ...)",Île-de-France,muchbetter.ai
Skarlett,"Après 60 ans, boostez vos finances",26,42,62%,16,"Distribution & BtoC (RetailTech, e-commerce, Marketplace, Foodtech, Luxury, TravelTech, ...)",Île-de-France,skarlett.fr
Pictarine,"Application qui permet de modifier et d'imprimer des photos en 3 clics, partout aux Etats-Unis",75,120,60%,45,"Entertainment (Telecom, Media, Sport, Gaming / Bet, Social Network, ...)",Occitanie,pictarine.com
Alice & Bob,Construire le premier ordinateur quantique universel,135,216,60%,81,"Industry & Supply (Hardware, IoT, Robotics, AR/VR, SpaceTech, Defence, Supply Chain, Mobility & Smart City, AgriTech, ...)",Île-de-France,alice-bob.com
Intact,Protéines végétales et produits de fermentation régénératifs,27,43,59%,16,"Industry & Supply (Hardware, IoT, Robotics, AR/VR, SpaceTech, Defence, Supply Chain, Mobility & Smart City, AgriTech, ...)",Pays de la Loire,intact-regenerative.com
Jimo,Une IA qui onboard vos utilisateurs à votre place.,12,19,58%,7,"BtoB Tools (LegalTech, EdTech, HRTech, Collaborative Tools, CRM, ERP, ...)",Île-de-France,usejimo.com
Mantra,Sensibilisez et protégez vos collaborateurs en temps réel,33,52,58%,19,"BtoB Tools (LegalTech, EdTech, HRTech, Collaborative Tools, CRM, ERP, ...)",Île-de-France,mantra.ms
Ouihelp,Service d'aide à domicile,488,770,58%,282,"HealthTech (Health Services, MedTech, Pharma, BioTech, Mental Health, ...)",Île-de-France,ouihelp.fr
Lumeen,"Lumeen, la réalité virtuelle humaine et thérapeutique.",21,33,57%,12,"HealthTech (Health Services, MedTech, Pharma, BioTech, Mental Health, ...)",Auvergne-Rhône-Alpes,lumeen.com
Bleu,"Entreprise de services cloud, française, indépendante.",17,27,57%,10,"DeepTech (IA, Cybersecurity, Cloud, ...)",Île-de-France,bleucloud.fr
Wealthcome,La technologie au service de votre conseil patrimonial.,25,39,57%,14,"FinTech (Payment, InsurTech, Crowdfunding, WealthTech, Proptech, Web3, ...)",Nouvelle-Aquitaine,wealthcome.fr
Aviwell,Exploiter notre plateforme de découverte révolutionnaire pour nourrir la planète,16,25,56%,9,"Industry & Supply (Hardware, IoT, Robotics, AR/VR, SpaceTech, Defence, Supply Chain, Mobility & Smart City, AgriTech, ...)",Occitanie,aviwell.fr
Generare Bioscience,"Découverte de molécules naturelles, (ré)industrialisée",18,28,56%,10,"HealthTech (Health Services, MedTech, Pharma, BioTech, Mental Health, ...)",Île-de-France,generare.bio
Bwi,Anticiper la dynamique des rivières pour mieux décider en gestion de l’eau.,22,34,55%,12,"Impact (GreenTech, Decarbonation, Energy, Non profit, ...)",Occitanie,bwi.earth
Phagos,L'alternative naturelle aux antibiotiques,33,51,55%,18,"HealthTech (Health Services, MedTech, Pharma, BioTech, Mental Health, ...)",Île-de-France,phagos.org
Emyosound,La transformation est en vue,13,20,54%,7,"HealthTech (Health Services, MedTech, Pharma, BioTech, Mental Health, ...)",Île-de-France,emyosound.com
Valueco,Aligner valeurs et valorisations pour un système financier responsable,24,37,54%,13,"FinTech (Payment, InsurTech, Crowdfunding, WealthTech, Proptech, Web3, ...)",Île-de-France,valuecometrics.com
Naboo,Solutions d'achat IA pour l'événementiel d'entreprise,135,208,54%,73,"BtoB Tools (LegalTech, EdTech, HRTech, Collaborative Tools, CRM, ERP, ...)",Île-de-France,naboo.app
Interfast,Le logiciel de gestion des entreprises du bâtiment,17,26,53%,9,"BtoB Tools (LegalTech, EdTech, HRTech, Collaborative Tools, CRM, ERP, ...)",Île-de-France,inter-fast.co
Rockfi,La nouvelle gestion privée.,36,55,53%,19,"FinTech (Payment, InsurTech, Crowdfunding, WealthTech, Proptech, Web3, ...)",Île-de-France,rockfi.fr
Fabriq,La solution tout-en-un pour l’excellence opérationnelle,89,136,53%,47,"BtoB Tools (LegalTech, EdTech, HRTech, Collaborative Tools, CRM, ERP, ...)",Île-de-France,fabriq.tech
Ray Studios,Des centres 100% dédiés au détatouage laser,36,55,53%,19,"Entertainment (Telecom, Media, Sport, Gaming / Bet, Social Network, ...)",Île-de-France,ray-studios.com
Solteo,Operating system des installateurs d’énergies renouvelables. Plateforme tout-en-un qui optimise les projets ENR.,17,26,53%,9,"Impact (GreenTech, Decarbonation, Energy, Non profit, ...)",Île-de-France,solteo.fr
H Company,Pionnier du futur de l’IA autonome et agentique.,211,321,52%,110,"BtoB Tools (LegalTech, EdTech, HRTech, Collaborative Tools, CRM, ERP, ...)",Île-de-France,hcompany.ai
Ensol,Achetez ou louez votre installation solaire,50,76,52%,26,"Impact (GreenTech, Decarbonation, Energy, Non profit, ...)",Île-de-France,goensol.com
Renaissance Fusion,"Les réacteurs de fusion les plus efficaces, réguliers et stables au monde.",63,95,51%,32,"Industry & Supply (Hardware, IoT, Robotics, AR/VR, SpaceTech, Defence, Supply Chain, Mobility & Smart City, AgriTech, ...)",Auvergne-Rhône-Alpes,renfusion.eu
Joko,"Joko vous aide à acheter plus vite, moins cher et sans prise de tête",109,165,51%,56,"BtoB Tools (LegalTech, EdTech, HRTech, Collaborative Tools, CRM, ERP, ...)",Île-de-France,joko.com
Seavium,Affrètement offshore par IA. Plus intelligent. Plus rapide. Plus vert.,10,15,50%,5,"BtoB Tools (LegalTech, EdTech, HRTech, Collaborative Tools, CRM, ERP, ...)",Provence-Alpes-Côte d’Azur,seavium.com
Wattmen,"Une électricité responsable : produite pour durer, pensée pour être stockée",12,18,50%,6,"Impact (GreenTech, Decarbonation, Energy, Non profit, ...)",Auvergne-Rhône-Alpes,wattmen.fr
Altrove,Découverte de nouveaux matériaux par IA pour résilience et performance,16,24,50%,8,"Industry & Supply (Hardware, IoT, Robotics, AR/VR, SpaceTech, Defence, Supply Chain, Mobility & Smart City, AgriTech, ...)",Île-de-France,altrove.ai
Theremia,Médecine de précision en neurologie et psychiatrie boostée à l'IA,10,15,50%,5,"HealthTech (Health Services, MedTech, Pharma, BioTech, Mental Health, ...)",Île-de-France,theremia.health
Santafoo,"Faites vos courses : les meilleurs produits, les plus proches de chez vous",14,21,50%,7,"BtoB Tools (LegalTech, EdTech, HRTech, Collaborative Tools, CRM, ERP, ...)",Provence-Alpes-Côte d’Azur,Santafoo.fr
Doctrine,La 1re plateforme d'IA juridique en Europe.,150,225,50%,75,"BtoB Tools (LegalTech, EdTech, HRTech, Collaborative Tools, CRM, ERP, ...)",Île-de-France,doctrine.fr
Diablocom,Solutions cloud IA pour l'expérience client,158,237,50%,28,"DeepTech (IA, Cybersecurity, Cloud, ...)",Île-de-France,diabolocom.com
Stoik,Assurance et cybersécurité,93,139,49%,46,"FinTech (Payment, InsurTech, Crowdfunding, WealthTech, Proptech, Web3, ...)",Île-de-France,stoik.io
Chift,Connectez vos logiciels financiers en un clic,23,34,48%,11,"BtoB Tools (LegalTech, EdTech, HRTech, Collaborative Tools, CRM, ERP, ...)",Île-de-France,chift.eu
Solarock,Votre installateur de panneaux solaires local,17,25,47%,8,"Impact (GreenTech, Decarbonation, Energy, Non profit, ...)",Île-de-France,solarock.fr
Neoline,Transport maritime à la voile.,28,41,46%,13,"Industry & Supply (Hardware, IoT, Robotics, AR/VR, SpaceTech, Defence, Supply Chain, Mobility & Smart City, AgriTech, ...)",Pays de la Loire,neoline.eu
73 Strings,Augmenter l’intelligence. Créer de la valeur.,203,297,46%,94,"FinTech (Payment, InsurTech, Crowdfunding, WealthTech, Proptech, Web3, ...)",Île-de-France,73strings.com
Hyprspace,"Le premier moteur-fusée hybride scalable, combinant simplicité, robustesse et réactivité",76,111,46%,35,"Industry & Supply (Hardware, IoT, Robotics, AR/VR, SpaceTech, Defence, Supply Chain, Mobility & Smart City, AgriTech, ...)",Nouvelle-Aquitaine,hypr-space.com
Bacta,Bioproduction propulsée par l’IA pour des ingrédients industriels,11,16,45%,5,"HealthTech (Health Services, MedTech, Pharma, BioTech, Mental Health, ...)",Île-de-France,bacta.life
Pronoe,Restaurer la capacité naturelle de l’océan à capter et stocker durablement le CO2,11,16,45%,5,"Impact (GreenTech, Decarbonation, Energy, Non profit, ...)",Île-de-France,pronoe.earth
Pennylane,"L'outil qui réunit vos finances, votre comptabilité et votre compte pro",644,934,45%,290,"BtoB Tools (LegalTech, EdTech, HRTech, Collaborative Tools, CRM, ERP, ...)",Île-de-France,pennylane.tech
Skillcorner,Boostez la prise de décision dans le sport.,45,65,44%,20,"Entertainment (Telecom, Media, Sport, Gaming / Bet, Social Network, ...)",Île-de-France,skillcorner.com
Alloreview,"Collectez plus de feedbacks, plus qualitatifs, par la voix.",16,23,44%,7,"BtoB Tools (LegalTech, EdTech, HRTech, Collaborative Tools, CRM, ERP, ...)",Île-de-France,alloreview.com
Omnyai,Libérez votre e-commerce,16,23,44%,7,"BtoB Tools (LegalTech, EdTech, HRTech, Collaborative Tools, CRM, ERP, ...)",Île-de-France,get-omny.com
Bonx,Reprenez le contrôle de votre ERP,25,36,44%,11,"BtoB Tools (LegalTech, EdTech, HRTech, Collaborative Tools, CRM, ERP, ...)",Île-de-France,bonx.tech
Marble,Automatisation fraude & conformité propulsée par l’IA,195,281,44%,86,"Impact (GreenTech, Decarbonation, Energy, Non profit, ...)",Île-de-France,checkmarble.com
Hummink,Impression de haute précision pour l’électronique avancée et au-delà,16,23,44%,7,"DeepTech (IA, Cybersecurity, Cloud, ...)",Île-de-France,hummink.com
Le Drive tout nu,"Réseau de supermarchés zéro déchet en physique, en drive et livraison",41,59,43%,18,"Distribution & BtoC (RetailTech, e-commerce, Marketplace, Foodtech, Luxury, TravelTech, ...)",Occitanie,ledrivetoutnu.com
May,Offrez de la rémunération 100% exonérée à vos salariés,89,127,43%,38,"FinTech (Payment, InsurTech, Crowdfunding, WealthTech, Proptech, Web3, ...)",Île-de-France,may.fr
Ealico,La meilleure façon de gérer vos contrôles,19,27,42%,8,"Industry & Supply (Hardware, IoT, Robotics, AR/VR, SpaceTech, Defence, Supply Chain, Mobility & Smart City, AgriTech, ...)",Île-de-France,ealico.com
Tarmac Technologies,Optimisation des opérations sol pour le transport aérien,12,17,42%,5,"Industry & Supply (Hardware, IoT, Robotics, AR/VR, SpaceTech, Defence, Supply Chain, Mobility & Smart City, AgriTech, ...)",Île-de-France,tarmactechnologies.com
Photoroom,Créez des visuels pro qui vendent,460,649,41%,189,"BtoB Tools (LegalTech, EdTech, HRTech, Collaborative Tools, CRM, ERP, ...)",Île-de-France,photoroom.com
Assentis,L’expert qui vous décrypte l’assurance,39,55,41%,16,"FinTech (Payment, InsurTech, Crowdfunding, WealthTech, Proptech, Web3, ...)",Île-de-France,assentis.fr
Nutripure,Compléments alimentaires naturels pour votre santé,71,100,41%,29,"Distribution & BtoC (RetailTech, e-commerce, Marketplace, Foodtech, Luxury, TravelTech, ...)",Occitanie,nutripure.fr
Klark,"Renforcez votre équipe support avec notre intégration rapide à vos outils, pensée pour les acteurs du e-commerce.",17,24,41%,7,"BtoB Tools (LegalTech, EdTech, HRTech, Collaborative Tools, CRM, ERP, ...)",Nouvelle-Aquitaine,klark.ai
Koralplay,Éditeur de jeux de casinos et paris sportifs,60,84,40%,24,"Entertainment (Telecom, Media, Sport, Gaming / Bet, Social Network, ...)",Pays de la Loire,koralplay.com
Sunday,L’expérience de paiement qui fait gagner du temps et génère 5× plus d’avis Google.,182,253,39%,71,"FinTech (Payment, InsurTech, Crowdfunding, WealthTech, Proptech, Web3, ...)",Île-de-France,sundayapp.com
Chez Daddy,Mieux vieillir dans une ville attentive aux aînés,32,44,38%,12,"Impact (GreenTech, Decarbonation, Energy, Non profit, ...)",Auvergne-Rhône-Alpes,entourage-solidaire.fr
Kraaft,L'app 7 en 1. Le WhatsApp des chantiers.,45,62,38%,17,"Entertainment (Telecom, Media, Sport, Gaming / Bet, Social Network, ...)",Île-de-France,kraaft.co
Tengo,Gagnez enfin plus d’appels d’offres publics,16,22,38%,6,"BtoB Tools (LegalTech, EdTech, HRTech, Collaborative Tools, CRM, ERP, ...)",Île-de-France,tengo.cc
Boonty,"Boostez votre programme de fidélité, dès le paiement",16,22,38%,6,"BtoB Tools (LegalTech, EdTech, HRTech, Collaborative Tools, CRM, ERP, ...)",Nouvelle-Aquitaine,boonty.io
Sirius Space Services,Accès à l’espace. Redéfini.,91,126,38%,35,"Industry & Supply (Hardware, IoT, Robotics, AR/VR, SpaceTech, Defence, Supply Chain, Mobility & Smart City, AgriTech, ...)",Île-de-France,sirius-space.com
Trace For Good,"Connaissez vos produits, engagez vos fournisseurs, connectez vos clients.",13,18,38%,5,"BtoB Tools (LegalTech, EdTech, HRTech, Collaborative Tools, CRM, ERP, ...)",Île-de-France,traceforgood.com
Exo,Un outil certifié pour une agriculture pérenne,19,26,37%,7,"BtoB Tools (LegalTech, EdTech, HRTech, Collaborative Tools, CRM, ERP, ...)",Île-de-France,exo.expert
Aplo,Prime brokerage d’actifs digitaux pour institutions financières.,19,26,37%,7,"FinTech (Payment, InsurTech, Crowdfunding, WealthTech, Proptech, Web3, ...)",Île-de-France,aplo.io
Afterdata,Intelligence artificielle pour la conformité,19,26,37%,7,"BtoB Tools (LegalTech, EdTech, HRTech, Collaborative Tools, CRM, ERP, ...)",Île-de-France,afterdata.com
Webyn,"Optimisation de votre site web, automatiquement via l’IA",22,30,36%,8,"MarTech (Ad-Tech, Marketing Automation, CRM, DMP & Analytics, SEO, ...)",Île-de-France,webyn.ai
Indy,Simplifiez bien plus que votre comptabilité,235,320,36%,85,"BtoB Tools (LegalTech, EdTech, HRTech, Collaborative Tools, CRM, ERP, ...)",Auvergne-Rhône-Alpes,indy.fr
Otrera,Redéfinir le nucléaire pour un futur durable,28,38,36%,10,"Industry & Supply (Hardware, IoT, Robotics, AR/VR, SpaceTech, Defence, Supply Chain, Mobility & Smart City, AgriTech, ...)",Provence-Alpes-Côte d’Azur,otrera.fr
Deeplife,Jumeau numérique des cellules pour la découverte de médicaments,25,34,36%,9,"HealthTech (Health Services, MedTech, Pharma, BioTech, Mental Health, ...)",Île-de-France,deeplife.co
Safesanté,La téléconsultation ultra performante,22,30,36%,8,"HealthTech (Health Services, MedTech, Pharma, BioTech, Mental Health, ...)",Provence-Alpes-Côte d’Azur,safesante.fr
Hapni,Réseau d'établissements spécialisés en médecine du sommeil,11,15,36%,4,"HealthTech (Health Services, MedTech, Pharma, BioTech, Mental Health, ...)",Île-de-France,hapni.net
Dashdoc,L'IA au service du logiciel de transport routier,88,120,36%,32,"BtoB Tools (LegalTech, EdTech, HRTech, Collaborative Tools, CRM, ERP, ...)",Île-de-France,dashdoc.com
Strangebee,Renforcez votre réponse aux incidents de sécurité,50,68,36%,18,"DeepTech (IA, Cybersecurity, Cloud, ...)",Île-de-France,strangebee.com
Spark Cleantech,Transformer les émissions de carbone en matériaux carbone,26,35,35%,9,"Industry & Supply (Hardware, IoT, Robotics, AR/VR, SpaceTech, Defence, Supply Chain, Mobility & Smart City, AgriTech, ...)",Île-de-France,spark-cleantech.eu
Citizenplane,Système d’exploitation pour compagnies aériennes innovantes,49,66,35%,17,"Industry & Supply (Hardware, IoT, Robotics, AR/VR, SpaceTech, Defence, Supply Chain, Mobility & Smart City, AgriTech, ...)",Île-de-France,CitizenPlane.com
Milango,Rêvez grand. Nous vous accompagnons ! Solutions e-commerce & marketplace,26,35,35%,9,"Distribution & BtoC (RetailTech, e-commerce, Marketplace, Foodtech, Luxury, TravelTech, ...)",Île-de-France,milango.io
Jib,Solutions technologiques qui favorisent l’autonomie des personnes en situation de handicap moteur,92,124,35%,32,"HealthTech (Health Services, MedTech, Pharma, BioTech, Mental Health, ...)",Île-de-France,jib-home.com
Dedale Intelligence,La source de référence pour le renseignement stratégique en technologie,264,357,35%,93,"BtoB Tools (LegalTech, EdTech, HRTech, Collaborative Tools, CRM, ERP, ...)",Île-de-France,dedale.com
Lite,Votre premier geste pour la planète commence chez vous.,17,23,35%,6,"Impact (GreenTech, Decarbonation, Energy, Non profit, ...)",Île-de-France,lite.eco
Manaos,La plateforme de services d’investissement durable,140,189,35%,49,"FinTech (Payment, InsurTech, Crowdfunding, WealthTech, Proptech, Web3, ...)",Île-de-France,manaos.com
Qualineo,Le logiciel qualité des établissements de santé pensé pour vous,27,36,35%,9,"HealthTech (Health Services, MedTech, Pharma, BioTech, Mental Health, ...)",Hauts-de-France,qualineo.io
Le Fourgon,Le Fourgon est un service e-commerce de livraison de produits consignés,325,437,34%,112,"Distribution & BtoC (RetailTech, e-commerce, Marketplace, Foodtech, Luxury, TravelTech, ...)",Île-de-France,lefourgon.com
Mila,Assureur français spécialisé dans l’immobilier.,67,90,34%,23,"FinTech (Payment, InsurTech, Crowdfunding, WealthTech, Proptech, Web3, ...)",Île-de-France,mila.fr
Mini Green Power,Des mini centrales vertes innovantes pour produire de l’énergie bas carbone et séquestrer du CO2,29,39,34%,10,"Impact (GreenTech, Decarbonation, Energy, Non profit, ...)",Provence-Alpes-Côte d’Azur,minigreenpower.com
Leviia,"Solutions de stockage cloud souveraines, sécurisées, à des prix justes et transparents.",24,32,33%,8,"DeepTech (IA, Cybersecurity, Cloud, ...)",Île-de-France,leviia.com
Opisto,Le spécialiste des pièces auto d’occasion,69,92,33%,23,"Entertainment (Telecom, Media, Sport, Gaming / Bet, Social Network, ...)",Occitanie,opisto.fr
Capsens,L'agence web n°1 des fintechs,50,67,33%,17,"FinTech (Payment, InsurTech, Crowdfunding, WealthTech, Proptech, Web3, ...)",Île-de-France,capsens.eu
Octopus Energy,Energéticien tech,340,450,32%,110,"Impact (GreenTech, Decarbonation, Energy, Non profit, ...)",Île-de-France,octopusenergy.fr
Spliit,La recherche de bureaux repensée pour vous.,25,33,32%,8,"FinTech (Payment, InsurTech, Crowdfunding, WealthTech, Proptech, Web3, ...)",Île-de-France,spliit.fr
Dastra,"Optimisez la gestion de la conformité règlementaire (RGPD, e-privacy, AI Act, NIS2, DORA)",31,41,32%,10,"BtoB Tools (LegalTech, EdTech, HRTech, Collaborative Tools, CRM, ERP, ...)",Île-de-France,dastra.eu
Everdye,"Les couleurs les plus tendance, sans brûlure.",28,37,32%,9,"Industry & Supply (Hardware, IoT, Robotics, AR/VR, SpaceTech, Defence, Supply Chain, Mobility & Smart City, AgriTech, ...)",Île-de-France,everdye.fr
Flowdesk,En service 24/7/365 avec les plus grands émetteurs de tokens et institutions.,151,199,32%,48,"FinTech (Payment, InsurTech, Crowdfunding, WealthTech, Proptech, Web3, ...)",Île-de-France,flowdesk.co
Signitic,Libérez la puissance de vos signatures mails,16,21,31%,5,"BtoB Tools (LegalTech, EdTech, HRTech, Collaborative Tools, CRM, ERP, ...)",Auvergne-Rhône-Alpes,signitic.com
Pimpant,"Vos produits du quotidien rechargeables, efficaces et sensoriels",68,89,31%,21,"Industry & Supply (Hardware, IoT, Robotics, AR/VR, SpaceTech, Defence, Supply Chain, Mobility & Smart City, AgriTech, ...)",Normandie,pimpant.com
Ghs,"Outils de gestion sociale innovants, pensés pour les secteurs à contrats courts",111,145,31%,34,"BtoB Tools (LegalTech, EdTech, HRTech, Collaborative Tools, CRM, ERP, ...)",Île-de-France,ghs.fr
Ecodrop,"Solution rapide, économique et éco-responsable de collecte et dépôt de déchets de chantier",49,64,31%,15,"Industry & Supply (Hardware, IoT, Robotics, AR/VR, SpaceTech, Defence, Supply Chain, Mobility & Smart City, AgriTech, ...)",Île-de-France,ecodrop.net
Rivrs,"Ensemble, nous créons des jeux UGC de haute qualité sur toutes les plateformes sandbox tendance",45,59,31%,14,"Entertainment (Telecom, Media, Sport, Gaming / Bet, Social Network, ...)",Bretagne,rivrs.io
Ublo,"Ublo, votre logiciel de gestion immobilière",29,38,31%,9,"BtoB Tools (LegalTech, EdTech, HRTech, Collaborative Tools, CRM, ERP, ...)",Île-de-France,ublo.immo
Jus Mundi,Agent IA pour le droit international et l’arbitrage,102,133,30%,31,"BtoB Tools (LegalTech, EdTech, HRTech, Collaborative Tools, CRM, ERP, ...)",Île-de-France,jusmundi.com
Hyppo,Expert en financement et refinancement patrimonial,10,13,30%,3,"FinTech (Payment, InsurTech, Crowdfunding, WealthTech, Proptech, Web3, ...)",Île-de-France,hyppo.immo
Deephawk,Intelligence artificielle nouvelle génération,10,13,30%,3,"BtoB Tools (LegalTech, EdTech, HRTech, Collaborative Tools, CRM, ERP, ...)",Bretagne,deephawk.ai
Hairdex,Reprenez en main vos cheveux,10,13,30%,3,"HealthTech (Health Services, MedTech, Pharma, BioTech, Mental Health, ...)",Île-de-France,hairdex.fr
Aml Factory,Simplifiez vos processus de compliance LCB-FT,10,13,30%,3,"FinTech (Payment, InsurTech, Crowdfunding, WealthTech, Proptech, Web3, ...)",Île-de-France,aml-factory.com
Pinpo,Maximisez vos ventes grâce aux meilleurs AI sales specialists du marché,10,13,30%,3,"BtoB Tools (LegalTech, EdTech, HRTech, Collaborative Tools, CRM, ERP, ...)",Île-de-France,pinpo.fr
Expliseat,Solutions de sièges 40% plus légers pour l’aviation,90,117,30%,27,"Industry & Supply (Hardware, IoT, Robotics, AR/VR, SpaceTech, Defence, Supply Chain, Mobility & Smart City, AgriTech, ...)",Île-de-France,expliseat.com
Daia,Connectez votre aéroport,10,13,30%,3,"DeepTech (IA, Cybersecurity, Cloud, ...)",Provence-Alpes-Côte d’Azur,daia.tech
Knave,Solution 360° de paiement à l'usage en marque blanche,20,26,30%,6,"FinTech (Payment, InsurTech, Crowdfunding, WealthTech, Proptech, Web3, ...)",Île-de-France,knave.eu
Aria,Financement intégré pour les plateformes B2B,66,86,30%,20,"FinTech (Payment, InsurTech, Crowdfunding, WealthTech, Proptech, Web3, ...)",Île-de-France,helloaria.eu
Manager.One,La banque en ligne pour les professionnels.,60,78,30%,18,"FinTech (Payment, InsurTech, Crowdfunding, WealthTech, Proptech, Web3, ...)",Île-de-France,manager.one
Bitstack,Épargner en bitcoin sans aucun effort,33,43,30%,10,"FinTech (Payment, InsurTech, Crowdfunding, WealthTech, Proptech, Web3, ...)",Île-de-France,bitstack-app.com
Swish,Accélérez votre transition vers la mobilité électrique avec Swish,47,61,30%,14,"Impact (GreenTech, Decarbonation, Energy, Non profit, ...)",Île-de-France,swishforgood.com
Aps Agnostic Production Systems,"Rendre la digitalisation accessible à toutes les usines, même les plus petites.",10,13,30%,3,"Industry & Supply (Hardware, IoT, Robotics, AR/VR, SpaceTech, Defence, Supply Chain, Mobility & Smart City, AgriTech, ...)",Occitanie,aps-industry.com
Club Employés,"Plateforme CSE : la solution qui simplifie, valorise et réinvente vos avantages salariés",266,345,30%,79,"BtoB Tools (LegalTech, EdTech, HRTech, Collaborative Tools, CRM, ERP, ...)",Auvergne-Rhône-Alpes,club-employes.com
Sinari,La suite logicielle de référence pour le transport et la logistique,99,128,29%,29,"BtoB Tools (LegalTech, EdTech, HRTech, Collaborative Tools, CRM, ERP, ...)",Île-de-France,sinari.com
Kleep,Le leader mondial de l’IA pour l’e-commerce,14,18,29%,4,"BtoB Tools (LegalTech, EdTech, HRTech, Collaborative Tools, CRM, ERP, ...)",Île-de-France,kleep.ai
Neat Protect,Conçoit et opère des assurances embarquées sur mesure adaptées à chaque secteur.,78,101,29%,23,"FinTech (Payment, InsurTech, Crowdfunding, WealthTech, Proptech, Web3, ...)",Nouvelle-Aquitaine,neat.eu
Bocoloco,Êtes-vous prêt à passer à la nouvelle dimension du réemploi ?,17,22,29%,5,"BtoB Tools (LegalTech, EdTech, HRTech, Collaborative Tools, CRM, ERP, ...)",Île-de-France,bocoloco.fr
Icare Energie,Le pilotage intelligent de vos bâtiments au service de la sobriété énergétique,24,31,29%,7,"Impact (GreenTech, Decarbonation, Energy, Non profit, ...)",Bourgogne Franche Comté,icare-energie.fr
Thunders,"Des agents de test IA qui génèrent, exécutent et analysent",24,31,29%,7,"BtoB Tools (LegalTech, EdTech, HRTech, Collaborative Tools, CRM, ERP, ...)",Île-de-France,thundercode.ai
Bioptimus,Le premier modèle foundation IA universel pour la biologie,28,36,29%,8,"HealthTech (Health Services, MedTech, Pharma, BioTech, Mental Health, ...)",Île-de-France,bioptimus.com
Aletiq,Le PLM nouvelle génération propulsé par l'IA,24,31,29%,7,"BtoB Tools (LegalTech, EdTech, HRTech, Collaborative Tools, CRM, ERP, ...)",Île-de-France,aletiq.com
Dymasco,Passer à des opérations industrielles dynamiques,49,63,28%,14,"Industry & Supply (Hardware, IoT, Robotics, AR/VR, SpaceTech, Defence, Supply Chain, Mobility & Smart City, AgriTech, ...)",Auvergne-Rhône-Alpes,dymasco.com
Juvisé Pharmaceuticals,"Médicaments essentiels, pour préserver les traitements de confiance des médecins",85,109,28%,24,"HealthTech (Health Services, MedTech, Pharma, BioTech, Mental Health, ...)",Auvergne-Rhône-Alpes,juvise.com
Polène,Sacs et Petites Maroquineries - Créativité et savoir-faire d'excellence,346,443,28%,97,"Distribution & BtoC (RetailTech, e-commerce, Marketplace, Foodtech, Luxury, TravelTech, ...)",Île-de-France,polene-paris.com
Aisprid,Soutenir les hommes pour les nourrir durablement,25,32,28%,7,"Industry & Supply (Hardware, IoT, Robotics, AR/VR, SpaceTech, Defence, Supply Chain, Mobility & Smart City, AgriTech, ...)",Bretagne,aisprid.com
Ikigai - Games For Citizens,Un consortium national au service de l'innovation pédagogique et de la médiation culturelle & scientifique,25,32,28%,7,"Entertainment (Telecom, Media, Sport, Gaming / Bet, Social Network, ...)",Île-de-France,ikigai.games
Inqom,L’innovation au service des enjeux comptables de demain,85,109,28%,24,"BtoB Tools (LegalTech, EdTech, HRTech, Collaborative Tools, CRM, ERP, ...)",Pays de la Loire,inqom.com
Descartes Underwriting,"Assurance paramétrique pour climat, cyber & risques émergents",196,250,28%,54,"FinTech (Payment, InsurTech, Crowdfunding, WealthTech, Proptech, Web3, ...)",Île-de-France,descartesunderwriting.com
Ringover,Plateforme de communication cloud boosté à l'IA,290,370,28%,80,"BtoB Tools (LegalTech, EdTech, HRTech, Collaborative Tools, CRM, ERP, ...)",Île-de-France,ringover.com
Akur8,Plateforme nouvelle génération de pricing et de provisionnement,74,94,27%,20,"BtoB Tools (LegalTech, EdTech, HRTech, Collaborative Tools, CRM, ERP, ...)",Île-de-France,akur8-tech.com
Scienta Lab,Redéfinir l’immunologie de précision,15,19,27%,4,"HealthTech (Health Services, MedTech, Pharma, BioTech, Mental Health, ...)",Île-de-France,scientalab.com
Open Lake Technology,"Maîtriser l'adoption, la supervision et la conformité de votre téléphonie unifiée",11,14,27%,3,"Entertainment (Telecom, Media, Sport, Gaming / Bet, Social Network, ...)",Île-de-France,open-lake.com
Datapolitics,Dotez vos équipes d’agents IA spécialisés en politiques publiques,11,14,27%,3,"BtoB Tools (LegalTech, EdTech, HRTech, Collaborative Tools, CRM, ERP, ...)",Île-de-France,datapolitics.fr
Vema Hydrogen,Hydrogène minéral conçu par ingénierie,11,14,27%,3,"Industry & Supply (Hardware, IoT, Robotics, AR/VR, SpaceTech, Defence, Supply Chain, Mobility & Smart City, AgriTech, ...)",Île-de-France,vema.earth
Red Alert Labs,Faites confiance à vos produits connectés,26,33,27%,7,"DeepTech (IA, Cybersecurity, Cloud, ...)",Île-de-France,redalertlabs.com
Smartbox France,"Les meilleures expériences ne se vivent pas sur un écran — elles se vivent. Nous connectons les personnes aux moments qui rendent la vie plus riche, plus profonde et plus réelle.",45,57,27%,12,"Distribution & BtoC (RetailTech, e-commerce, Marketplace, Foodtech, Luxury, TravelTech, ...)",Île-de-France,smartbox.com
Aerleum,Carburants et produits chimiques synthétiques à partir de rien (dans l’air),15,19,27%,4,"Industry & Supply (Hardware, IoT, Robotics, AR/VR, SpaceTech, Defence, Supply Chain, Mobility & Smart City, AgriTech, ...)",Île-de-France,aerleum.com
Veesion,"Détectez les vols, automatiquement, en temps réel",177,225,27%,48,"BtoB Tools (LegalTech, EdTech, HRTech, Collaborative Tools, CRM, ERP, ...)",Île-de-France,veesion.com
Klara,Développer la performance de chaque acteur terrain pour renforcer le collectif,45,57,27%,12,"BtoB Tools (LegalTech, EdTech, HRTech, Collaborative Tools, CRM, ERP, ...)",Île-de-France,www.klarahr.com
Bohr Energie,Votre agrégateur 3.0 conçu par des producteurs pour des producteurs indépendants professionnels,19,24,26%,5,"Impact (GreenTech, Decarbonation, Energy, Non profit, ...)",Occitanie,bohr-energie.fr
Ausha,La plateforme de croissance podcast nouvelle génération,34,43,26%,9,"BtoB Tools (LegalTech, EdTech, HRTech, Collaborative Tools, CRM, ERP, ...)",Hauts-de-France,ausha.co
Naali,Les gommes anti-stress au safran qui ont fait fureur sur M6,27,34,26%,7,"Entertainment (Telecom, Media, Sport, Gaming / Bet, Social Network, ...)",Auvergne-Rhône-Alpes,naali.fr
Corteria Pharmaceuticals,Thérapies interceptives pour traiter des sous-populations d’insuffisance cardiaque,19,24,26%,5,"HealthTech (Health Services, MedTech, Pharma, BioTech, Mental Health, ...)",Île-de-France,corteriapharma.com
Matcha,Améliorez l’expérience shopper et boostez vos ventes avec un accompagnement personnalisé,27,34,26%,7,"BtoB Tools (LegalTech, EdTech, HRTech, Collaborative Tools, CRM, ERP, ...)",Île-de-France,getmatcha.tech
Didomi,"Gestion du consentement utilisateur transformant la conformité réglementaire en un levier de confiance client, de croissance marketing et de valeur business.",131,165,26%,34,"BtoB Tools (LegalTech, EdTech, HRTech, Collaborative Tools, CRM, ERP, ...)",Île-de-France,didomi.io
Myc,Élevez la performance de l’entreprise grâce à une main-d’œuvre plus sûre et en meilleure santé,66,83,26%,17,"BtoB Tools (LegalTech, EdTech, HRTech, Collaborative Tools, CRM, ERP, ...)",Île-de-France,myc.doctor
Zelty,Digitalisez et pilotez vos restaurants sereinement,47,59,26%,12,"BtoB Tools (LegalTech, EdTech, HRTech, Collaborative Tools, CRM, ERP, ...)",Île-de-France,zelty.fr
Hugging Face,La communauté IA qui construit le futur.,515,649,26%,134,"BtoB Tools (LegalTech, EdTech, HRTech, Collaborative Tools, CRM, ERP, ...)",Île-de-France,huggingface.co
Grinta,"Gérez vos boutiques, packs et commandes club depuis un seul outil",23,8,26%,6,"Distribution & BtoC (RetailTech, e-commerce, Marketplace, Foodtech, Luxury, TravelTech, ...)",Île-de-France,grinta.eu
Dessia Technologies,"Générez, vérifiez et validez des designs avec l’IA",27,34,26%,7,"BtoB Tools (LegalTech, EdTech, HRTech, Collaborative Tools, CRM, ERP, ...)",Île-de-France,dessia.io
Ouicoding,Votre partenaire en transformation numérique durable et sécurisée,19,24,26%,5,"BtoB Tools (LegalTech, EdTech, HRTech, Collaborative Tools, CRM, ERP, ...)",Île-de-France,ouicoding.com
Yeswehack,Plateforme globale de bug bounty & de gestion des vulnérabilités,438,552,26%,114,"DeepTech (IA, Cybersecurity, Cloud, ...)",Île-de-France,yeswehack.com
Zama,Créez des applications confidentielles sur n’importe quelle blockchain,156,197,26%,41,"BtoB Tools (LegalTech, EdTech, HRTech, Collaborative Tools, CRM, ERP, ...)",Île-de-France,zama.ai
Finary,Finary est l'application qui vous aide à mieux gérer votre argent.,123,155,26%,32,"FinTech (Payment, InsurTech, Crowdfunding, WealthTech, Proptech, Web3, ...)",Île-de-France,finary.com
Bigblue,Fulfilment pour les marques centrées client,111,140,26%,29,"Industry & Supply (Hardware, IoT, Robotics, AR/VR, SpaceTech, Defence, Supply Chain, Mobility & Smart City, AgriTech, ...)",Occitanie,bigblue.io
Cure51,Techbio française innovante dédiée à trouver un remède contre le cancer à partir de la biologie exceptionnelle de survivants,43,54,26%,11,"HealthTech (Health Services, MedTech, Pharma, BioTech, Mental Health, ...)",Île-de-France,cure51.com
Lehibou,Trouvez le meilleur expert IT pour votre projet parmi les 120 000+ profils disponibles,70,88,26%,18,"BtoB Tools (LegalTech, EdTech, HRTech, Collaborative Tools, CRM, ERP, ...)",Île-de-France,lehibou.com
Abby,Facturation pour facturation électronique,20,25,25%,5,"BtoB Tools (LegalTech, EdTech, HRTech, Collaborative Tools, CRM, ERP, ...)",Grand Est,abby.fr
Feve,Donnez vie à des fermes agroécologiques,20,25,25%,28,"Industry & Supply (Hardware, IoT, Robotics, AR/VR, SpaceTech, Defence, Supply Chain, Mobility & Smart City, AgriTech, ...)",Nouvelle-Aquitaine,feve.co
Tafalgie Therapeutics,Une nouvelle approche pharmaceutique pour traiter la douleur,20,25,25%,5,"HealthTech (Health Services, MedTech, Pharma, BioTech, Mental Health, ...)",Provence-Alpes-Côte d’Azur,tafalgie.fr
Diligo,"Commerçants et e-commerçants, faites livrer en vélos cargos",12,15,25%,3,"Industry & Supply (Hardware, IoT, Robotics, AR/VR, SpaceTech, Defence, Supply Chain, Mobility & Smart City, AgriTech, ...)",Île-de-France,diligo-solutions.com
Brightheart,Une plateforme IA qui accompagne cliniciens et échographistes pour des évaluations expertes standardisées lors des échographies de routine,16,20,25%,4,"HealthTech (Health Services, MedTech, Pharma, BioTech, Mental Health, ...)",Île-de-France,brightheart.fr
Lighton,IA de recherche et de raisonnement derrière votre pare-feu,60,75,25%,15,"BtoB Tools (LegalTech, EdTech, HRTech, Collaborative Tools, CRM, ERP, ...)",Île-de-France,lighton.ai
Dotblocks,La première plateforme de simulation no-code conçue pour accélérer vos workflows d’innovation.,12,15,25%,3,"BtoB Tools (LegalTech, EdTech, HRTech, Collaborative Tools, CRM, ERP, ...)",Île-de-France,dotblocks.fr
Fabulous,Votre partenaire d’engagement dans votre poche pour changer intelligemment et construire de bonnes habitudes,85,106,25%,21,"Entertainment (Telecom, Media, Sport, Gaming / Bet, Social Network, ...)",Île-de-France,thefabulous.co
Exaion,Cloud de confiance,63,79,25%,16,"BtoB Tools (LegalTech, EdTech, HRTech, Collaborative Tools, CRM, ERP, ...)",Île-de-France,exaion.com
Aqemia,"Nouvelle génération de médicaments, au-delà des limites de la découverte conventionnelle et augmentée par l’IA",65,81,25%,16,"HealthTech (Health Services, MedTech, Pharma, BioTech, Mental Health, ...)",Île-de-France,aqemia.com
Make,Solutions aux grandes problématiques actuelles.,540,675,25%,135,"Impact (GreenTech, Decarbonation, Energy, Non profit, ...)",Île-de-France,make.org
Beev Fleet Manager,L'expert de la mobilité électrique pour les entreprises,44,55,25%,11,"BtoB Tools (LegalTech, EdTech, HRTech, Collaborative Tools, CRM, ERP, ...)",Île-de-France,beev.co
Acheel,L’assurance simple et accessible,80,100,25%,20,"FinTech (Payment, InsurTech, Crowdfunding, WealthTech, Proptech, Web3, ...)",Île-de-France,acheel.com
Kanta,Automatisation et conformité : le logiciel tout-en-un pour les experts-comptables,60,75,25%,15,"BtoB Tools (LegalTech, EdTech, HRTech, Collaborative Tools, CRM, ERP, ...)",Normandie,kanta.fr
Openairlines,Accélérer la transition vers une aviation durable grâce à l'IA et au big data,78,97,24%,19,"Impact (GreenTech, Decarbonation, Energy, Non profit, ...)",Occitanie,openairlines.com
Spliiit,"Partagez et réduisez le prix de vos abonnements, en toute sécurité",17,21,24%,4,"BtoB Tools (LegalTech, EdTech, HRTech, Collaborative Tools, CRM, ERP, ...)",Nouvelle-Aquitaine,spliiit.com
Tankyou,Découvrez l’efficacité des flottes ravitaillées sur-mesure,34,42,24%,8,"Industry & Supply (Hardware, IoT, Robotics, AR/VR, SpaceTech, Defence, Supply Chain, Mobility & Smart City, AgriTech, ...)",Île-de-France,tankyou.com
Timeleft,X,70,87,24%,17,"Entertainment (Telecom, Media, Sport, Gaming / Bet, Social Network, ...)",Île-de-France,timeleft.com
Biomemory,Construire un système de stockage de données ADN pour data centers,58,72,24%,14,"HealthTech (Health Services, MedTech, Pharma, BioTech, Mental Health, ...)",Île-de-France,biomemory-labs.com
Nperf Speed Test,Test de débit - speed test : testez la vitesse de votre connexion internet (speedtest),25,31,24%,6,"Entertainment (Telecom, Media, Sport, Gaming / Bet, Social Network, ...)",Auvergne-Rhône-Alpes,nperf.com
Kerlog,Logiciels de gestion et de traçabilité des déchets qui s'adaptent à votre métier,17,21,24%,4,"BtoB Tools (LegalTech, EdTech, HRTech, Collaborative Tools, CRM, ERP, ...)",Île-de-France,kerlog.com
Fastcube,Expert du pilotage de la performance et de la gestion de données.,46,57,24%,11,"BtoB Tools (LegalTech, EdTech, HRTech, Collaborative Tools, CRM, ERP, ...)",Île-de-France,fastcube.fr
Dolead,"Propulsé par l’IA, exploitant des données CRM de qualité, du marketing haute intensité et un parcours utilisateur parfait pour livrer des leads prêts à vendre à un prix par lead aligné sur la qualité",91,113,24%,22,"MarTech (Ad-Tech, Marketing Automation, CRM, DMP & Analytics, SEO, ...)",Île-de-France,dolead.com
Corsica Sole,Déployer l'énergie solaire de manière fiable et durable,132,164,24%,32,"Industry & Supply (Hardware, IoT, Robotics, AR/VR, SpaceTech, Defence, Supply Chain, Mobility & Smart City, AgriTech, ...)",Provence-Alpes-Côte d’Azur,corsicasole.com
Beyond Aero,Libérer tout le potentiel grâce à l’hydrogène,71,88,24%,17,"Industry & Supply (Hardware, IoT, Robotics, AR/VR, SpaceTech, Defence, Supply Chain, Mobility & Smart City, AgriTech, ...)",Occitanie,beyond-aero.com
Astraveus,"Grâce au développement de Lakhesys – la benchtop cell factory®, Astraveus ambitionne de rendre les thérapies cellulaires",55,68,24%,13,"HealthTech (Health Services, MedTech, Pharma, BioTech, Mental Health, ...)",Île-de-France,astraveus.com
Avant De Cliquer,Cybersécurité centrée sur l’humain,54,67,24%,13,"DeepTech (IA, Cybersecurity, Cloud, ...)",Normandie,avantdecliquer.com
Iadys,Robotique et intelligence artificielle pour la dépollution de l’eau,21,26,24%,5,"Industry & Supply (Hardware, IoT, Robotics, AR/VR, SpaceTech, Defence, Supply Chain, Mobility & Smart City, AgriTech, ...)",Provence-Alpes-Côte d’Azur,iadys.com
Legapass,"Legapass, l’allié technologique des notaires",17,21,24%,4,"BtoB Tools (LegalTech, EdTech, HRTech, Collaborative Tools, CRM, ERP, ...)",Provence-Alpes-Côte d’Azur,legapass.com
Shareid,Le hub d’identité conforme à eIDAS 2.0,21,26,24%,5,"DeepTech (IA, Cybersecurity, Cloud, ...)",Île-de-France,shareid.ai
Voodoo,Divertir le monde avec des apps et jeux iconiques,767,951,24%,184,"Entertainment (Telecom, Media, Sport, Gaming / Bet, Social Network, ...)",Île-de-France,voodoo.io
Gleamer,Construire la plateforme IA unifiée la plus avancée pour la radiologie,99,123,24%,24,"HealthTech (Health Services, MedTech, Pharma, BioTech, Mental Health, ...)",Île-de-France,gleamer.ai
Gojob,Agence d'intérim,199,247,24%,48,"DeepTech (IA, Cybersecurity, Cloud, ...)",Provence-Alpes-Côte d’Azur,gojob.com
Corma,Une plateforme pour valider l’accès,29,36,24%,7,"BtoB Tools (LegalTech, EdTech, HRTech, Collaborative Tools, CRM, ERP, ...)",Île-de-France,corma.io
Nexpublica,"Le progrès, pour la société, par la technologie",293,361,23%,68,"BtoB Tools (LegalTech, EdTech, HRTech, Collaborative Tools, CRM, ERP, ...)",Île-de-France,nexpublica.com
Mint Bikes,Le spécialiste du vélo reconditionné.,43,53,23%,10,"BtoB Tools (LegalTech, EdTech, HRTech, Collaborative Tools, CRM, ERP, ...)",Provence-Alpes-Côte d’Azur,mint-bikes.com
Belacom,Votre copilote en marketing automation,35,43,23%,8,"MarTech (Ad-Tech, Marketing Automation, CRM, DMP & Analytics, SEO, ...)",Île-de-France,belacom.fr
Nw,La transition énergétique accessible à tous,247,304,23%,57,"Industry & Supply (Hardware, IoT, Robotics, AR/VR, SpaceTech, Defence, Supply Chain, Mobility & Smart City, AgriTech, ...)",Île-de-France,nw-groupe.fr
Omnidoc,Solution d'échanges entre soignants,44,54,23%,10,"Entertainment (Telecom, Media, Sport, Gaming / Bet, Social Network, ...)",Île-de-France,omnidoc.fr
Toutapprendre,CSE : offrez à vos salariés et leur famille une bibliothèque en ligne,43,53,23%,10,"Industry & Supply (Hardware, IoT, Robotics, AR/VR, SpaceTech, Defence, Supply Chain, Mobility & Smart City, AgriTech, ...)",Île-de-France,toutapprendre.com
Bsport,Le meilleur logiciel pour gérer votre studio et le faire grandir,201,247,23%,46,"Entertainment (Telecom, Media, Sport, Gaming / Bet, Social Network, ...)",Île-de-France,bsport.io
Just,La mutuelle qui prend à la fois soin de votre santé et de votre budget,66,81,23%,15,"BtoB Tools (LegalTech, EdTech, HRTech, Collaborative Tools, CRM, ERP, ...)",Île-de-France,just.fr
Tessan,Faciliter l’accès des patients aux soins médicaux de qualité,126,155,23%,29,"HealthTech (Health Services, MedTech, Pharma, BioTech, Mental Health, ...)",Île-de-France,tessan.io
Animaj,"Entreprise média nouvelle génération créant des marques inspirantes pour enfants et familles, à l’échelle mondiale",71,87,23%,16,"Entertainment (Telecom, Media, Sport, Gaming / Bet, Social Network, ...)",Île-de-France,animaj.com
Gedeon,La retraite n'a jamais été aussi claire !,30,37,23%,7,"FinTech (Payment, InsurTech, Crowdfunding, WealthTech, Proptech, Web3, ...)",Auvergne-Rhône-Alpes,gedeon.io
Seederal Technologies,Électrifier l’agriculture,27,33,22%,6,"Industry & Supply (Hardware, IoT, Robotics, AR/VR, SpaceTech, Defence, Supply Chain, Mobility & Smart City, AgriTech, ...)",Bretagne,seederal.fr
Moodwork,"Découvrez la seule plateforme de santé mentale au travail adaptée à votre secteur, vos métiers et vos problématiques.",23,28,22%,5,"HealthTech (Health Services, MedTech, Pharma, BioTech, Mental Health, ...)",Île-de-France,moodwork.com
Tryon,La méthanisation locale et modulaire pour valoriser les biodéchets alimentaires,23,28,22%,5,"Impact (GreenTech, Decarbonation, Energy, Non profit, ...)",Île-de-France,tryon-environnement.com
La Conciergerie Solidaire,Améliorer et faciliter le quotidien des salariés,73,89,22%,16,"Distribution & BtoC (RetailTech, e-commerce, Marketplace, Foodtech, Luxury, TravelTech, ...)",Nouvelle-Aquitaine,conciergerie-solidaire.fr
Soeman,Le CRM made in France et souverain leader du secteur industriel et négoce BtoB,18,22,22%,4,"BtoB Tools (LegalTech, EdTech, HRTech, Collaborative Tools, CRM, ERP, ...)",Auvergne-Rhône-Alpes,soeman.fr
Langa International,"Développe, construit et exploite des installations d’énergies renouvelables.",69,84,22%,15,"Industry & Supply (Hardware, IoT, Robotics, AR/VR, SpaceTech, Defence, Supply Chain, Mobility & Smart City, AgriTech, ...)",Auvergne-Rhône-Alpes,langa-international.com
Vensolair,"Pour vos énergies renouvelables, passons à l’action !",100,122,22%,22,"Impact (GreenTech, Decarbonation, Energy, Non profit, ...)",Occitanie,vensolair.fr
Bulldozer,L’excellence marketing au service de vos ventes,139,170,22%,31,"BtoB Tools (LegalTech, EdTech, HRTech, Collaborative Tools, CRM, ERP, ...)",Île-de-France,bulldozer-collective.com
Zefir,"Grâce à la Vente Collective et à l'IA , une vente immobilère jusqu'à 2x plus rapide.",47,60,22%,13,"FinTech (Payment, InsurTech, Crowdfunding, WealthTech, Proptech, Web3, ...)",Île-de-France,zefir.fr
Displayce,"Displayce, suite technologique pionnière de publicité DOOH, au service des marques, agences media et éditeurs, à l’échelle mondiale",50,61,22%,11,"MarTech (Ad-Tech, Marketing Automation, CRM, DMP & Analytics, SEO, ...)",Nouvelle-Aquitaine,displayce.com
Ramify,"La performance et l’expertise d’une gestion institutionnelle, au service des patrimoines privés exigeants.",20,24,22%,4,"FinTech (Payment, InsurTech, Crowdfunding, WealthTech, Proptech, Web3, ...)",Île-de-France,ramify.fr
Rudder,Automatisez et améliorez votre posture de sécurité IT avec Rudder,18,22,22%,4,"BtoB Tools (LegalTech, EdTech, HRTech, Collaborative Tools, CRM, ERP, ...)",Île-de-France,rudder.io
Docoon,Solutions de digitalisation des workflows et business process,32,39,22%,7,"Entertainment (Telecom, Media, Sport, Gaming / Bet, Social Network, ...)",Île-de-France,docoon.com
Dayuse,Réservez votre hôtel pour quelques heures en journée,69,84,22%,15,"Distribution & BtoC (RetailTech, e-commerce, Marketplace, Foodtech, Luxury, TravelTech, ...)",Île-de-France,dayuse.com
Holis,Plateforme interactive d'analyse de cycle de vie et d'éco-conception,14,17,21%,3,"Impact (GreenTech, Decarbonation, Energy, Non profit, ...)",Île-de-France,holis.earth
Orisha,Éditeur européen de logiciels de gestion B2B,1356,1 646,21%,290,"BtoB Tools (LegalTech, EdTech, HRTech, Collaborative Tools, CRM, ERP, ...)",Île-de-France,orisha.com
Secret,Le secret pour économiser gros sur le SaaS,329,416,21%,87,"BtoB Tools (LegalTech, EdTech, HRTech, Collaborative Tools, CRM, ERP, ...)",Île-de-France,mail.joinsecret.com
Avel Robotics,Conception et fabrication de pièces composites nouvelle génération,24,29,21%,5,"Industry & Supply (Hardware, IoT, Robotics, AR/VR, SpaceTech, Defence, Supply Chain, Mobility & Smart City, AgriTech, ...)",Bretagne,avelrobotics.com
Upciti,La donnée au service des villes et des collectivités,34,41,21%,7,"Industry & Supply (Hardware, IoT, Robotics, AR/VR, SpaceTech, Defence, Supply Chain, Mobility & Smart City, AgriTech, ...)",Île-de-France,upciti.com
Sezame,Des expériences exclusives dans des hôtels de prestige,19,23,21%,4,"Distribution & BtoC (RetailTech, e-commerce, Marketplace, Foodtech, Luxury, TravelTech, ...)",Provence-Alpes-Côte d’Azur,joinsezame.com
Kamino Retail,La plateforme de monétisation retail media,24,29,21%,5,"MarTech (Ad-Tech, Marketing Automation, CRM, DMP & Analytics, SEO, ...)",Île-de-France,kaminoretail.com
Ouidou,Le développement logiciel au service de votre système d'information,302,365,21%,63,"BtoB Tools (LegalTech, EdTech, HRTech, Collaborative Tools, CRM, ERP, ...)",Île-de-France,ouidou.fr
It Mates,Du cloud à la data en passant par le digital workplace,19,23,21%,4,"Entertainment (Telecom, Media, Sport, Gaming / Bet, Social Network, ...)",Île-de-France,itmates.fr
Illuin Technology,Experts en IA et solutions numériques de pointe,107,130,21%,23,"DeepTech (IA, Cybersecurity, Cloud, ...)",Île-de-France,illuin.tech
Cawl,Expert du paiement et partenaire de votre croissance,33,40,21%,7,"FinTech (Payment, InsurTech, Crowdfunding, WealthTech, Proptech, Web3, ...)",Île-de-France,cawl.fr
Capital Fund Management,Capital fund management CFM - global asset management. - CFM,377,456,21%,79,"FinTech (Payment, InsurTech, Crowdfunding, WealthTech, Proptech, Web3, ...)",Île-de-France,cfm.com
Diabolocom,L'excellence de l'IA au service de chaque interaction client,133,161,21%,28,"BtoB Tools (LegalTech, EdTech, HRTech, Collaborative Tools, CRM, ERP, ...)",Île-de-France,diabolocom.com
Faircraft,La science des matériaux entre dans une nouvelle ère,24,29,21%,5,"HealthTech (Health Services, MedTech, Pharma, BioTech, Mental Health, ...)",Île-de-France,faircraft.bio
Cilcare,Faire de l’audition une priorité,53,64,21%,11,"HealthTech (Health Services, MedTech, Pharma, BioTech, Mental Health, ...)",Occitanie,cilcare.com
Stych,Le plus grand réseau d’auto-écoles,198,239,21%,41,"BtoB Tools (LegalTech, EdTech, HRTech, Collaborative Tools, CRM, ERP, ...)",Île-de-France,stych.fr
Kiln,Démocratiser la création de valeur dans les actifs digitaux,125,151,21%,26,"BtoB Tools (LegalTech, EdTech, HRTech, Collaborative Tools, CRM, ERP, ...)",Île-de-France,kiln.fi
Welyft,L'agence data-marketing qui booste le ROI de vos parcours clients,14,17,21%,3,"BtoB Tools (LegalTech, EdTech, HRTech, Collaborative Tools, CRM, ERP, ...)",Île-de-France,welyft.com
Octomine,La plateforme de sondage collaborateurs qui répond à vos besoins,12,15,21%,3,"BtoB Tools (LegalTech, EdTech, HRTech, Collaborative Tools, CRM, ERP, ...)",Île-de-France,octomine.com
Rzilient,L'expertise IT au service de votre innovation,18,22,21%,4,"BtoB Tools (LegalTech, EdTech, HRTech, Collaborative Tools, CRM, ERP, ...)",Île-de-France,rzilient.club
Rofim,"Plateforme de télémédecine qui centralise la téléexpertise, la téléconsultation et les RCP, pour améliorer la coordination médicale.",42,51,21%,9,"HealthTech (Health Services, MedTech, Pharma, BioTech, Mental Health, ...)",Provence-Alpes-Côte d’Azur,rofim.doctor
Basikon,Le logiciel de prêt et crédit-bail intelligent et 100% API,24,29,21%,5,"FinTech (Payment, InsurTech, Crowdfunding, WealthTech, Proptech, Web3, ...)",Île-de-France,basikon.io
Listen Leon,La reconnaissance pour tous et par tous,15,18,20%,3,"Entertainment (Telecom, Media, Sport, Gaming / Bet, Social Network, ...)",Provence-Alpes-Côte d’Azur,listenleon.com
Quantilia,Solutions sur-mesure de data & reporting,10,12,20%,2,"FinTech (Payment, InsurTech, Crowdfunding, WealthTech, Proptech, Web3, ...)",Provence-Alpes-Côte d’Azur,quantilia.com
Fisio,L’outil ultime pour créer votre CV en ligne,46,55,20%,9,"BtoB Tools (LegalTech, EdTech, HRTech, Collaborative Tools, CRM, ERP, ...)",Île-de-France,fisio.fr
Lore Finance,Immobilier facilité,46,55,20%,9,"BtoB Tools (LegalTech, EdTech, HRTech, Collaborative Tools, CRM, ERP, ...)",Nouvelle-Aquitaine,lore-finance.com
Rumo,Recommandations personnalisées pour plateformes de divertissement,35,42,20%,7,"BtoB Tools (LegalTech, EdTech, HRTech, Collaborative Tools, CRM, ERP, ...)",Île-de-France,rumo.co
Steto,Application qui vous aide à rester maître de votre diabète,10,12,20%,2,"BtoB Tools (LegalTech, EdTech, HRTech, Collaborative Tools, CRM, ERP, ...)",Île-de-France,steto.care
Beev,L'expert de la mobilité électrique pour les entreprises,44,53,20%,9,"BtoB Tools (LegalTech, EdTech, HRTech, Collaborative Tools, CRM, ERP, ...)",Île-de-France,beev.co
Linxea,"Assurance vie, PER et solutions d'épargne à frais réduits",82,98,20%,16,"FinTech (Payment, InsurTech, Crowdfunding, WealthTech, Proptech, Web3, ...)",Île-de-France,linxea.com
Hprobe,Tester wafer-level Hprobe : accélérer le développement et la production d’appareils magnétiques,20,24,20%,4,"Industry & Supply (Hardware, IoT, Robotics, AR/VR, SpaceTech, Defence, Supply Chain, Mobility & Smart City, AgriTech, ...)",Auvergne-Rhône-Alpes,hprobe.com
Ecojoko,Mesurez et optimisez votre consommation d'électricité,25,30,20%,5,"Impact (GreenTech, Decarbonation, Energy, Non profit, ...)",Île-de-France,ecojoko.com
C12,Mener le prochain saut matériaux en informatique quantique,59,71,20%,12,"Industry & Supply (Hardware, IoT, Robotics, AR/VR, SpaceTech, Defence, Supply Chain, Mobility & Smart City, AgriTech, ...)",Île-de-France,c12qe.com
Prozon,Plateforme d'achat pour professionnels,51,61,20%,10,"Distribution & BtoC (RetailTech, e-commerce, Marketplace, Foodtech, Luxury, TravelTech, ...)",Provence-Alpes-Côte d’Azur,prozon.com
Lixo,La solution pionnière d’analyse de données pour la collecte des déchets,56,67,20%,11,"BtoB Tools (LegalTech, EdTech, HRTech, Collaborative Tools, CRM, ERP, ...)",Île-de-France,lixo.tech
Ohm Energie,Fournisseur d’éco-énergie,178,213,20%,36,"Industry & Supply (Hardware, IoT, Robotics, AR/VR, SpaceTech, Defence, Supply Chain, Mobility & Smart City, AgriTech, ...)",Île-de-France,ohm-energie.com
Girasole Energies,Énergie photovoltaïque au service de votre activité,74,89,20%,15,"Industry & Supply (Hardware, IoT, Robotics, AR/VR, SpaceTech, Defence, Supply Chain, Mobility & Smart City, AgriTech, ...)",Île-de-France,girasole-energies.com
Fraktion,Optimiser et sécuriser la distribution de vos actifs à vos investisseurs,10,12,20%,2,"BtoB Tools (LegalTech, EdTech, HRTech, Collaborative Tools, CRM, ERP, ...)",Île-de-France,fraktion.fr
Cominty,IA agentique pour le travail,15,18,20%,3,"BtoB Tools (LegalTech, EdTech, HRTech, Collaborative Tools, CRM, ERP, ...)",Île-de-France,cominty.ai
Ideuzo,L'agence de communication RH at_work,66,79,20%,13,"MarTech (Ad-Tech, Marketing Automation, CRM, DMP & Analytics, SEO, ...)",Île-de-France,ideuzo.com
N2Jsoft,Notes de frais • cartes de paiement • factures fournisseurs,153,184,20%,31,"BtoB Tools (LegalTech, EdTech, HRTech, Collaborative Tools, CRM, ERP, ...)",Auvergne-Rhône-Alpes,n2f.com
Unseenlabs,Détection RF depuis l’espace,77,92,20%,15,"Industry & Supply (Hardware, IoT, Robotics, AR/VR, SpaceTech, Defence, Supply Chain, Mobility & Smart City, AgriTech, ...)",Bretagne,unseenlabs.fr
CapCar,Achetez une voiture d'occasion en toute confiance,10,12,20%,2,"Distribution & BtoC (RetailTech, e-commerce, Marketplace, Foodtech, Luxury, TravelTech, ...)",Île-de-France,capcar.fr
Locuta,Automatisez l’expérience client conversationnelle à grande échelle,10,12,20%,2,"Entertainment (Telecom, Media, Sport, Gaming / Bet, Social Network, ...)",Nouvelle-Aquitaine,locuta.co
Therasonic,Permettre la délivrance de médicaments vers le cerveau,10,12,20%,2,"HealthTech (Health Services, MedTech, Pharma, BioTech, Mental Health, ...)",Île-de-France,therasonic.fr
Lempire,Lempire est une suite de SaaS qui aide les PME à générer du revenu,10,12,20%,2,"Distribution & BtoC (RetailTech, e-commerce, Marketplace, Foodtech, Luxury, TravelTech, ...)",Île-de-France,lempire.com
Chapsvision,Votre parcours IA agentique,238,284,19%,46,"BtoB Tools (LegalTech, EdTech, HRTech, Collaborative Tools, CRM, ERP, ...)",Île-de-France,chapsvision.com
Acwa Robotics,Solutions robotiques pour contrôler votre réseau d’eau potable,21,25,19%,4,"Industry & Supply (Hardware, IoT, Robotics, AR/VR, SpaceTech, Defence, Supply Chain, Mobility & Smart City, AgriTech, ...)",Corse,acwa-robotics.com
Otaree,Logiciel / plateforme de commercialisation de l'immobilier neuf pour professionnels,36,43,19%,7,"BtoB Tools (LegalTech, EdTech, HRTech, Collaborative Tools, CRM, ERP, ...)",Île-de-France,otaree.com
Eshard,Solutions avancées de cybersécurité,42,50,19%,8,"DeepTech (IA, Cybersecurity, Cloud, ...)",Nouvelle-Aquitaine,eshard.com
Diamfab,Libérez la puissance du diamant,31,37,19%,6,"Industry & Supply (Hardware, IoT, Robotics, AR/VR, SpaceTech, Defence, Supply Chain, Mobility & Smart City, AgriTech, ...)",Auvergne-Rhône-Alpes,diamfab.com
Inuse,Réinventez l’industrie intelligente.,16,19,19%,3,"BtoB Tools (LegalTech, EdTech, HRTech, Collaborative Tools, CRM, ERP, ...)",Île-de-France,inuse.eu
Formality,La vision 360° de vos actifs grâce à l'IA,21,25,19%,4,"BtoB Tools (LegalTech, EdTech, HRTech, Collaborative Tools, CRM, ERP, ...)",Île-de-France,formality.com
Ecoat,Solutions pour réduire l’empreinte carbone de vos revêtements et peintures.,53,63,19%,10,"Industry & Supply (Hardware, IoT, Robotics, AR/VR, SpaceTech, Defence, Supply Chain, Mobility & Smart City, AgriTech, ...)",Provence-Alpes-Côte d’Azur,ecoat.fr
Entalpic,Accélérer la R&D en chimie & matériaux,27,32,19%,5,"Industry & Supply (Hardware, IoT, Robotics, AR/VR, SpaceTech, Defence, Supply Chain, Mobility & Smart City, AgriTech, ...)",Île-de-France,entalpic.ai
Himydata,Votre data lakehouse nouvelle génération,21,25,19%,4,"DeepTech (IA, Cybersecurity, Cloud, ...)",Provence-Alpes-Côte d’Azur,himydata.com
Deuxiemeavis,Deuxième avis médical auprès d’un médecin spécialiste de votre maladie en 7 jours,31,37,19%,6,"HealthTech (Health Services, MedTech, Pharma, BioTech, Mental Health, ...)",Île-de-France,deuxiemeavis.fr
Latitude,Smallsats : tracez votre trajectoire vers l’orbite,200,238,19%,38,"Industry & Supply (Hardware, IoT, Robotics, AR/VR, SpaceTech, Defence, Supply Chain, Mobility & Smart City, AgriTech, ...)",Grand Est,latitude.eu
Million Victories,Affichez votre supériorité tactique dans notre RTS en temps réel sans timers !,47,56,19%,9,"Entertainment (Telecom, Media, Sport, Gaming / Bet, Social Network, ...)",Auvergne-Rhône-Alpes,millionvictories.com
Oneflash,La recharge téléphone en libre-service,48,57,19%,9,"Industry & Supply (Hardware, IoT, Robotics, AR/VR, SpaceTech, Defence, Supply Chain, Mobility & Smart City, AgriTech, ...)",Île-de-France,oneflash.fr
Inetum Software,Éditeur français de logiciels et leader du secteur public,429,510,19%,81,"BtoB Tools (LegalTech, EdTech, HRTech, Collaborative Tools, CRM, ERP, ...)",Île-de-France,inetumsoftware.com
Abraxio,Plateforme unique tout-en-un dédiée au management 360° de la DSI,32,38,19%,6,"BtoB Tools (LegalTech, EdTech, HRTech, Collaborative Tools, CRM, ERP, ...)",Auvergne-Rhône-Alpes,abraxio.com
Robeauté,Microrobots neurochirurgicaux,32,38,19%,6,"HealthTech (Health Services, MedTech, Pharma, BioTech, Mental Health, ...)",Île-de-France,robeaute.com
Wandercraft,Robot au service de la mobilité,134,160,19%,26,"Industry & Supply (Hardware, IoT, Robotics, AR/VR, SpaceTech, Defence, Supply Chain, Mobility & Smart City, AgriTech, ...)",Île-de-France,wandercraft.eu
Arnest,Services d’ingénierie et de management de projets pour le secteur de l’énergie.,83,99,19%,16,"Impact (GreenTech, Decarbonation, Energy, Non profit, ...)",Île-de-France,arnest-engineering.com
Skello,Solution RH intelligente des équipes de terrain.,328,390,19%,62,"BtoB Tools (LegalTech, EdTech, HRTech, Collaborative Tools, CRM, ERP, ...)",Île-de-France,skello.io
Hubency,Recycler valoriser préserver,85,101,19%,16,"Impact (GreenTech, Decarbonation, Energy, Non profit, ...)",Île-de-France,hubency.com
Onestock,Gestion des commandes avec le spécialiste de l’order management system.,82,97,18%,15,"BtoB Tools (LegalTech, EdTech, HRTech, Collaborative Tools, CRM, ERP, ...)",Occitanie,onestock-retail.com
Cafeyn,Streaming de titres de presse,110,130,18%,20,"Entertainment (Telecom, Media, Sport, Gaming / Bet, Social Network, ...)",Île-de-France,cafeyn.co
Fredo,Solution simple de vélos partagés avec cadenas connectés,17,20,18%,3,"BtoB Tools (LegalTech, EdTech, HRTech, Collaborative Tools, CRM, ERP, ...)",Auvergne-Rhône-Alpes,fredo.fr
Underdog,Électroménager reconditionné,45,53,18%,8,"Distribution & BtoC (RetailTech, e-commerce, Marketplace, Foodtech, Luxury, TravelTech, ...)",Pays de la Loire,underdog.shop
La Brigade De Véro,Livraison de repas diététiques cuisinés - la brigade de Véro,40,47,18%,7,"Distribution & BtoC (RetailTech, e-commerce, Marketplace, Foodtech, Luxury, TravelTech, ...)",Occitanie,labrigadedevero.com
Flexifleet,Solutions clés en main pour les chauffeurs VTC,38,45,18%,7,"FinTech (Payment, InsurTech, Crowdfunding, WealthTech, Proptech, Web3, ...)",Île-de-France,flexifleet.fr
Ypso-Facto,"Développer, évaluer et optimiser des procédés (bio)chimiques",22,26,18%,4,"HealthTech (Health Services, MedTech, Pharma, BioTech, Mental Health, ...)",Île-de-France,ypso-facto.com
Neovision,"IA sur mesure, open-source, scalable.",34,40,18%,6,"Industry & Supply (Hardware, IoT, Robotics, AR/VR, SpaceTech, Defence, Supply Chain, Mobility & Smart City, AgriTech, ...)",Auvergne-Rhône-Alpes,neovision.fr
Memority,Solution IAM : identity and access management | memority,71,84,18%,13,"DeepTech (IA, Cybersecurity, Cloud, ...)",Île-de-France,memority.com
Faibrik,Logiciel de service client construit autour de l’IA,16,19,18%,3,"BtoB Tools (LegalTech, EdTech, HRTech, Collaborative Tools, CRM, ERP, ...)",Auvergne-Rhône-Alpes,faibrik.com
Breega,Prédictions du secteur,45,53,18%,8,"FinTech (Payment, InsurTech, Crowdfunding, WealthTech, Proptech, Web3, ...)",Île-de-France,breega.com
Bluecime,Solutions innovantes en traitement d'images,11,13,18%,2,"BtoB Tools (LegalTech, EdTech, HRTech, Collaborative Tools, CRM, ERP, ...)",Auvergne-Rhône-Alpes,bluecime.com
Ava2I,Ingénierie & innovation — cloud • data • IA,13,15,18%,2,"BtoB Tools (LegalTech, EdTech, HRTech, Collaborative Tools, CRM, ERP, ...)",Île-de-France,ava2i.com
Via Sana,Cabinet médical,49,58,18%,9,"HealthTech (Health Services, MedTech, Pharma, BioTech, Mental Health, ...)",Île-de-France,centreviasana.com
Ekonsilio,"Centralisez vos conversations, automatisez les réponses simples et offrez une expérience client fluide sur tous vos canaux",99,117,18%,18,"BtoB Tools (LegalTech, EdTech, HRTech, Collaborative Tools, CRM, ERP, ...)",Pays de la Loire,ekonsilio.com
Evertrust,Éliminez les pannes de certificats et réduisez les coûts PKI.,45,53,18%,8,"DeepTech (IA, Cybersecurity, Cloud, ...)",Île-de-France,evertrust.fr
Quandela,"Propulsé par le quantique, renforcé par Quandela",110,130,18%,20,"HealthTech (Health Services, MedTech, Pharma, BioTech, Mental Health, ...)",Île-de-France,quandela.com
Matera,Gestion immobilière.,308,363,18%,55,"FinTech (Payment, InsurTech, Crowdfunding, WealthTech, Proptech, Web3, ...)",Île-de-France,matera.eu
Pytheas Capital,Pytheas Capital propose la plateforme technologique treso2,34,40,18%,6,"FinTech (Payment, InsurTech, Crowdfunding, WealthTech, Proptech, Web3, ...)",Île-de-France,pytheascapital.com
Devensys Cybersecurity,Experts en cybersécurité,79,93,18%,14,"DeepTech (IA, Cybersecurity, Cloud, ...)",Occitanie,devensys.com
Treso2 Par Pytheas Capital,Plateforme agréée qui automatise le traitement de vos factures,34,40,18%,6,"BtoB Tools (LegalTech, EdTech, HRTech, Collaborative Tools, CRM, ERP, ...)",Île-de-France,pytheascapital.com
Weefin,Plateforme qui permet aux investisseurs professionnels de regagner en souveraineté sur leurs données ESG et de maximiser leur impact.,99,117,18%,18,"Entertainment (Telecom, Media, Sport, Gaming / Bet, Social Network, ...)",Île-de-France,wee-fin.com
Dattak,Assurance cyber proactive qui allie services de cybersécurité,35,41,18%,6,"DeepTech (IA, Cybersecurity, Cloud, ...)",Île-de-France,dattak.io
Artelys,Programmation mathématique et IA au service de l’efficacité,114,134,18%,20,"Impact (GreenTech, Decarbonation, Energy, Non profit, ...)",Île-de-France,artelys.com
Unipile,"API unifiée pour messagerie, email & agenda",12,14,17%,2,"BtoB Tools (LegalTech, EdTech, HRTech, Collaborative Tools, CRM, ERP, ...)",Auvergne-Rhône-Alpes,unipile.com
Brenus Pharma,Faire passer le système immunitaire un cran devant le cancer,18,21,17%,3,"HealthTech (Health Services, MedTech, Pharma, BioTech, Mental Health, ...)",Auvergne-Rhône-Alpes,brenus-pharma.com
Otami,"Solution pour simplifier vos achats, vos marges et votre production",18,21,17%,3,"BtoB Tools (LegalTech, EdTech, HRTech, Collaborative Tools, CRM, ERP, ...)",Auvergne-Rhône-Alpes,otami.fr
Singulart,Plateforme d'oeuvre d'art,226,264,17%,38,"Entertainment (Telecom, Media, Sport, Gaming / Bet, Social Network, ...)",Île-de-France,singulart.com
Nawah,Matériaux carbone nano-ingéniérés,52,61,17%,9,"Industry & Supply (Hardware, IoT, Robotics, AR/VR, SpaceTech, Defence, Supply Chain, Mobility & Smart City, AgriTech, ...)",Provence-Alpes-Côte d’Azur,nawatechnologies.com
Fleeti,La gestion intelligente de vos véhicules et équipements,72,84,17%,12,"BtoB Tools (LegalTech, EdTech, HRTech, Collaborative Tools, CRM, ERP, ...)",Nouvelle-Aquitaine,fleeti.co
Newzik,Le meilleur de la technologie au service de vos partitions,23,27,17%,4,"BtoB Tools (LegalTech, EdTech, HRTech, Collaborative Tools, CRM, ERP, ...)",Île-de-France,newzik.com
Gsf Astree,Propreté et services,18,21,17%,3,"Industry & Supply (Hardware, IoT, Robotics, AR/VR, SpaceTech, Defence, Supply Chain, Mobility & Smart City, AgriTech, ...)",Auvergne-Rhône-Alpes,gsf.fr
En Voiture Simone,"L’auto-école, sans les galères",121,141,17%,20,"BtoB Tools (LegalTech, EdTech, HRTech, Collaborative Tools, CRM, ERP, ...)",Île-de-France,envoituresimone.com
Verkor,Des batteries. Maintenant. Pour le futur.,794,929,17%,135,"Industry & Supply (Hardware, IoT, Robotics, AR/VR, SpaceTech, Defence, Supply Chain, Mobility & Smart City, AgriTech, ...)",Auvergne-Rhône-Alpes,verkor.com
Skyloud,"Nos experts DevOps vous accompagnent pour construire, optimiser et infogérer votre infrastructure",12,14,17%,2,"DeepTech (IA, Cybersecurity, Cloud, ...)",Auvergne-Rhône-Alpes,skyloud.fr
Sogescot,"Sogescot, partenaire de la transformation numérique et durable des cabinets d'expertise comptable.",23,27,17%,4,"BtoB Tools (LegalTech, EdTech, HRTech, Collaborative Tools, CRM, ERP, ...)",Bretagne,sogescot.com
Growth Room,Agence de growth marketing efficace et vraiment performante.,46,54,17%,8,"BtoB Tools (LegalTech, EdTech, HRTech, Collaborative Tools, CRM, ERP, ...)",Île-de-France,growthroom.co
Eben Home,Le mobilier pour les professionnels et passionnés de design,18,21,17%,3,"Entertainment (Telecom, Media, Sport, Gaming / Bet, Social Network, ...)",Île-de-France,ebenhome.co
Gravithy,Fer durable. Acier plus vert.,35,41,17%,6,"Industry & Supply (Hardware, IoT, Robotics, AR/VR, SpaceTech, Defence, Supply Chain, Mobility & Smart City, AgriTech, ...)",Provence-Alpes-Côte d’Azur,gravitHy.eu
Linkbycar,Révolutionner la gestion de flotte de véhicules avec des données en temps réel.,12,14,17%,2,"Industry & Supply (Hardware, IoT, Robotics, AR/VR, SpaceTech, Defence, Supply Chain, Mobility & Smart City, AgriTech, ...)",Île-de-France,linkbycar.com
La Belle Vie,Toutes vos courses livrées aujourd'hui,165,193,17%,28,"Distribution & BtoC (RetailTech, e-commerce, Marketplace, Foodtech, Luxury, TravelTech, ...)",Île-de-France,labellevie.com
Homa,Des outils qui aident les créateurs de jeux.,682,798,17%,116,"Entertainment (Telecom, Media, Sport, Gaming / Bet, Social Network, ...)",Île-de-France,homagames.com
Mym,Suis tes personnalités préférées et découvre des contenus exclusifs.,397,465,17%,68,"Entertainment (Telecom, Media, Sport, Gaming / Bet, Social Network, ...)",Île-de-France,mym.fans
Ferway,Pilotez votre performance RH et finance,15,18,17%,3,"BtoB Tools (LegalTech, EdTech, HRTech, Collaborative Tools, CRM, ERP, ...)",Île-de-France,spartes.fr
La Forge,Une communauté d'experts pour créer votre produit IA,15,18,17%,3,"DeepTech (IA, Cybersecurity, Cloud, ...)",Île-de-France,la-forge.ai
Wiremind,"Optimisez les opérations passagers, cargo et divertissement",112,131,17%,19,"BtoB Tools (LegalTech, EdTech, HRTech, Collaborative Tools, CRM, ERP, ...)",Île-de-France,wiremind.io
Weglot,La façon la plus simple de traduire un site web,53,62,17%,9,"BtoB Tools (LegalTech, EdTech, HRTech, Collaborative Tools, CRM, ERP, ...)",Île-de-France,weglot.com
Keon,Transformez vos biodéchets en énergie verte !,55,64,16%,9,"Impact (GreenTech, Decarbonation, Energy, Non profit, ...)",Île-de-France,keon-group.com
Poxel,Poxel est une biopharma en phase clinique développant des traitements innovants pour maladies chroniques graves (NASH) et troubles rares.,25,29,16%,4,"HealthTech (Health Services, MedTech, Pharma, BioTech, Mental Health, ...)",Auvergne-Rhône-Alpes,poxelpharma.com
Alvest,Solutions pour l’industrie aéronautique.,161,187,16%,26,"Industry & Supply (Hardware, IoT, Robotics, AR/VR, SpaceTech, Defence, Supply Chain, Mobility & Smart City, AgriTech, ...)",Île-de-France,alvest.fr
Wattalps,"Batteries haute performance, abordables pour votre usage.",19,22,16%,3,"Industry & Supply (Hardware, IoT, Robotics, AR/VR, SpaceTech, Defence, Supply Chain, Mobility & Smart City, AgriTech, ...)",Auvergne-Rhône-Alpes,wattalps.com
Imagine Human,Réseau d’entrepreneurs,19,22,16%,3,"BtoB Tools (LegalTech, EdTech, HRTech, Collaborative Tools, CRM, ERP, ...)",Auvergne-Rhône-Alpes,imagine-human.com
Gamned!,"Agence programmatique fondée sur l’innovation, l’audace et l’expertise",18,21,16%,3,"MarTech (Ad-Tech, Marketing Automation, CRM, DMP & Analytics, SEO, ...)",Île-de-France,gamned.com
Contexte,Information approfondie.,134,156,16%,22,"Entertainment (Telecom, Media, Sport, Gaming / Bet, Social Network, ...)",Île-de-France,contexte.com
Yavin,Bien plus qu'un terminal de paiement,58,67,16%,9,"FinTech (Payment, InsurTech, Crowdfunding, WealthTech, Proptech, Web3, ...)",Île-de-France,yavin.com
Kobi,L'application qui vous aide avec vos frais sportifs,32,37,16%,5,"DeepTech (IA, Cybersecurity, Cloud, ...)",Hauts-de-France,kobisport.eu
Op3Ft,"Le site web de l'OP3FT, l'organisation pour la promotion, la protection et le progrès de la technologie Frogans",19,22,16%,3,"BtoB Tools (LegalTech, EdTech, HRTech, Collaborative Tools, CRM, ERP, ...)",Île-de-France,op3ft.org
Mhcomm - Connecting Home Healthcare,Créateur de liens pour la qualité des soins au domicile,31,36,16%,5,"BtoB Tools (LegalTech, EdTech, HRTech, Collaborative Tools, CRM, ERP, ...)",Occitanie,mhcomm.fr
Implicity,Gardez votre cœur connecté à votre équipe médicale sans quitter votre domicile.,85,99,16%,14,"HealthTech (Health Services, MedTech, Pharma, BioTech, Mental Health, ...)",Île-de-France,implicity.com
Goodies Pub,"Goodies personnalisés, textiles personnalisés et cadeaux personnalisés | personaliz (ex-goodies pub)",38,44,16%,6,"MarTech (Ad-Tech, Marketing Automation, CRM, DMP & Analytics, SEO, ...)",Nouvelle-Aquitaine,goodiespub.fr
Callbell,"Vendez et aidez vos clients sur WhatsApp, Messenger, Instagram et Telegram via une plateforme multi-agents",37,43,16%,6,"BtoB Tools (LegalTech, EdTech, HRTech, Collaborative Tools, CRM, ERP, ...)",Île-de-France,callbell.eu
Axeal,L’expertise qui connecte les talents aux industries exigeantes,32,37,16%,5,"BtoB Tools (LegalTech, EdTech, HRTech, Collaborative Tools, CRM, ERP, ...)",Auvergne-Rhône-Alpes,heverett.com
Anybuddy,"Réserve un terrain à la carte, à la cool !",43,50,16%,7,"Distribution & BtoC (RetailTech, e-commerce, Marketplace, Foodtech, Luxury, TravelTech, ...)",Hauts-de-France,anybuddyapp.com
Factem,"Leader en accessoires audio : Factem conçoit et fabrique des équipements électroacoustiques personnalisables, adaptés à votre environnement",56,65,16%,9,"Industry & Supply (Hardware, IoT, Robotics, AR/VR, SpaceTech, Defence, Supply Chain, Mobility & Smart City, AgriTech, ...)",Normandie,factem.com
Kikleo,Acteur de référence pour réduire vos pertes grâce à une technologie innovante d’analyse du gaspillage alimentaire,25,29,16%,4,"Impact (GreenTech, Decarbonation, Energy, Non profit, ...)",Île-de-France,kikleo.com
La Fabrik À Id,Spécialisée dans les solutions digitales clé en main pour le secteur automobile,31,36,16%,5,"BtoB Tools (LegalTech, EdTech, HRTech, Collaborative Tools, CRM, ERP, ...)",Grand Est,lfaid.fr
Skyvisor,Inspections internes par drone et gestion des actifs pour les parcs éoliens et solaires,19,22,16%,3,"Impact (GreenTech, Decarbonation, Energy, Non profit, ...)",Île-de-France,skyvisor.eu
Sitaci,Sitaci est éditeur de la solution WMS: Ego Supply Chain Management,49,57,16%,8,"BtoB Tools (LegalTech, EdTech, HRTech, Collaborative Tools, CRM, ERP, ...)",Pays de la Loire,sitaci.fr
Keysom,Ne laissez pas les limites processeur brider votre design. Construisez un processeur sur-mesure adapté à vos besoins.,19,22,16%,3,"Industry & Supply (Hardware, IoT, Robotics, AR/VR, SpaceTech, Defence, Supply Chain, Mobility & Smart City, AgriTech, ...)",Nouvelle-Aquitaine,keysom.io
Citio,"Citio accompagne autorités organisatrices et opérateurs de mobilité à optimiser leurs offres pour une mobilité durable, économique et inclusive",25,29,16%,4,"BtoB Tools (LegalTech, EdTech, HRTech, Collaborative Tools, CRM, ERP, ...)",Île-de-France,cit.io
Onoff,Votre second numéro avec une application,101,120,16%,19,"BtoB Tools (LegalTech, EdTech, HRTech, Collaborative Tools, CRM, ERP, ...)",Île-de-France,onoff.app
Astrée Software,Éditeur et intégrateur de logiciel MES,100,115,15%,15,"BtoB Tools (LegalTech, EdTech, HRTech, Collaborative Tools, CRM, ERP, ...)",Auvergne-Rhône-Alpes,astree-software.fr
Symfony,"Construisez en confiance, à toute échelle",13,15,15%,2,"BtoB Tools (LegalTech, EdTech, HRTech, Collaborative Tools, CRM, ERP, ...)",Île-de-France,symfony.com
Railwai,Une plateforme globale dédiée à la valorisation et au croisement des données dans le domaine du transport guidé,13,15,15%,2,"BtoB Tools (LegalTech, EdTech, HRTech, Collaborative Tools, CRM, ERP, ...)",Occitanie,railwai.com
Slite,"Évitez la courbe d’apprentissage : Slite offre une documentation superbe, une adoption sans effort et une recherche IA dès le premier jour.",34,39,15%,5,"BtoB Tools (LegalTech, EdTech, HRTech, Collaborative Tools, CRM, ERP, ...)",Île-de-France,slite.com
Coave Therapeutics,"Coave Therapeutics dévoile un programme de thérapie génique leader pour maladies vasculaires rétiniennes, via un vecteur first-in-class pour délivrance suprachoroïdienne",40,46,15%,6,"HealthTech (Health Services, MedTech, Pharma, BioTech, Mental Health, ...)",Île-de-France,coavetx.com
E-Commerce Nation,"Gardez une longueur d’avance avec les dernières actualités, tendances et stratégies en matière de e-commerce",625,719,15%,94,"BtoB Tools (LegalTech, EdTech, HRTech, Collaborative Tools, CRM, ERP, ...)",Normandie,ecommerce-nation.fr
Susu,Offrez le meilleur accès aux soins de santé à vos familles en Afrique,590,679,15%,89,"HealthTech (Health Services, MedTech, Pharma, BioTech, Mental Health, ...)",Auvergne-Rhône-Alpes,susu.fr
Rematch,"Avec l’app Rematch, immortalise les meilleurs moments de sport amateur et les vidéos highlights",68,78,15%,10,"Distribution & BtoC (RetailTech, e-commerce, Marketplace, Foodtech, Luxury, TravelTech, ...)",Nouvelle-Aquitaine,rematch.tv
Libriciel Scop,Les applications libriciel SCOP répondent aux enjeux de dématérialisation du secteur public,55,63,15%,8,"BtoB Tools (LegalTech, EdTech, HRTech, Collaborative Tools, CRM, ERP, ...)",Occitanie,libriciel.fr
Feed.,La nutrition développée pour atteindre vos objectifs.,141,162,15%,21,"Distribution & BtoC (RetailTech, e-commerce, Marketplace, Foodtech, Luxury, TravelTech, ...)",Île-de-France,feed.co
Lockself,La suite cyber pour sécuriser vos mots de passe et fichiers,54,62,15%,8,"BtoB Tools (LegalTech, EdTech, HRTech, Collaborative Tools, CRM, ERP, ...)",Île-de-France,lockself.com
Apl Data Center,"APL, expert en data centers",208,239,15%,31,"BtoB Tools (LegalTech, EdTech, HRTech, Collaborative Tools, CRM, ERP, ...)",Île-de-France,apl-datacenter.com
Pytheas Capital - Treso2,La plateforme agréée qui automatise le traitement de vos factures,34,39,15%,5,"FinTech (Payment, InsurTech, Crowdfunding, WealthTech, Proptech, Web3, ...)",Île-de-France,pytheascapital.com
Dealinka,Dealinka redonne une seconde vie à vos invendus !,52,60,15%,8,"Impact (GreenTech, Decarbonation, Energy, Non profit, ...)",Île-de-France,dealinka.fr
Socianova,Dossier usager informatisé pour le social et le médico-social,61,70,15%,9,"BtoB Tools (LegalTech, EdTech, HRTech, Collaborative Tools, CRM, ERP, ...)",Île-de-France,socianova.com
Dotfile,KYB Solution | vérification business de bout en bout,27,31,15%,4,"BtoB Tools (LegalTech, EdTech, HRTech, Collaborative Tools, CRM, ERP, ...)",Île-de-France,dotfile.com
Isybuy,Logiciel SI achats,33,38,15%,5,"BtoB Tools (LegalTech, EdTech, HRTech, Collaborative Tools, CRM, ERP, ...)",Occitanie,isybuy.com
Idakto,La plateforme ouverte de l’identité digitale,53,61,15%,8,"BtoB Tools (LegalTech, EdTech, HRTech, Collaborative Tools, CRM, ERP, ...)",Île-de-France,idakto.com
Pigment (Duplicit),Plateforme de planification intégrée avec IA agentique,544,626,15%,82,"BtoB Tools (LegalTech, EdTech, HRTech, Collaborative Tools, CRM, ERP, ...)",Île-de-France,pigment.com
Clubfunding,La plateforme dédiée à l’investissement privé,52,60,15%,8,"FinTech (Payment, InsurTech, Crowdfunding, WealthTech, Proptech, Web3, ...)",Île-de-France,clubfunding.fr
Alma,La solution de paiement en plusieurs fois,525,604,15%,79,"FinTech (Payment, InsurTech, Crowdfunding, WealthTech, Proptech, Web3, ...)",Île-de-France,getalma.eu
Stockly,Connecter les stocks pour un e-commerce sans limites,98,113,15%,15,"BtoB Tools (LegalTech, EdTech, HRTech, Collaborative Tools, CRM, ERP, ...)",Île-de-France,stockly.ai
Sis Id,Sécurisez vos paiements et maîtrisez le risque de fraude au virement,75,86,15%,11,"FinTech (Payment, InsurTech, Crowdfunding, WealthTech, Proptech, Web3, ...)",Auvergne-Rhône-Alpes,sis-id.com
Comptastar,Le logiciel de gestion pour les experts-comptables,130,150,15%,20,"FinTech (Payment, InsurTech, Crowdfunding, WealthTech, Proptech, Web3, ...)",Île-de-France,comptastar.fr
Nomadia,Solutions logicielles pour la gestion des temps et des activités,108,124,15%,16,"BtoB Tools (LegalTech, EdTech, HRTech, Collaborative Tools, CRM, ERP, ...)",Île-de-France,nomadia-group.com
Vusiongroup,Dévoiler la foundation IA native pour la prochaine décennie du retail,183,210,15%,27,"BtoB Tools (LegalTech, EdTech, HRTech, Collaborative Tools, CRM, ERP, ...)",Île-de-France,vusion.com
Adikteev,DSP aidant les apps mobiles à réengager leurs utilisateurs via le retargeting et à acquérir de nouveaux utilisateurs grâce à la CTV,75,86,15%,11,"MarTech (Ad-Tech, Marketing Automation, CRM, DMP & Analytics, SEO, ...)",Île-de-France,adikteev.com
Lucca,15 logiciels RH et administratifs : la meilleure solution SIRH par Lucca,357,409,15%,52,"BtoB Tools (LegalTech, EdTech, HRTech, Collaborative Tools, CRM, ERP, ...)",Île-de-France,lucca.fr
Kshuttle,La plateforme qui répond aux défis croissants des réglementations financières et de durabilité,91,104,14%,13,"BtoB Tools (LegalTech, EdTech, HRTech, Collaborative Tools, CRM, ERP, ...)",Île-de-France,kshuttle.io
Kelio,Logiciel RH : gestion des temps & contrôle d’accès,184,210,14%,26,"BtoB Tools (LegalTech, EdTech, HRTech, Collaborative Tools, CRM, ERP, ...)",Pays de la Loire,kelio.com
Batch,Customer engagement platform (CEP) pour les équipes CRM,106,121,14%,15,"BtoB Tools (LegalTech, EdTech, HRTech, Collaborative Tools, CRM, ERP, ...)",Île-de-France,batch.com
Avis-Locataire,"Solutions numériques de communication, d'écoute client, de prise de rendez-vous et de contrôle sur site, pour les gestionnaires de biens immobiliers.",22,25,14%,3,"FinTech (Payment, InsurTech, Crowdfunding, WealthTech, Proptech, Web3, ...)",Île-de-France,avis-locataire.com
Tohero,"Développement d'applications web, e-commerce et mobile",29,33,14%,4,"BtoB Tools (LegalTech, EdTech, HRTech, Collaborative Tools, CRM, ERP, ...)",Occitanie,tohero.fr
Diapason,Solution de gestion de trésorerie qui transforme votre pilotage financier en levier de performance.,92,105,14%,13,"BtoB Tools (LegalTech, EdTech, HRTech, Collaborative Tools, CRM, ERP, ...)",Île-de-France,mydiapason.com
Waat,Pour une mobilité durable et raisonnée et une planète en bonne santé.,239,273,14%,34,"Impact (GreenTech, Decarbonation, Energy, Non profit, ...)",Île-de-France,waat.fr
N2F,"Solutions performantes et intuitives, avec un accompagnement personnalisé et un service client réactif.",57,65,14%,8,"BtoB Tools (LegalTech, EdTech, HRTech, Collaborative Tools, CRM, ERP, ...)",Auvergne-Rhône-Alpes,n2f.com
Sopht,"Sopht, la solution green ITops pour décarboner votre IT",36,41,14%,5,"BtoB Tools (LegalTech, EdTech, HRTech, Collaborative Tools, CRM, ERP, ...)",Auvergne-Rhône-Alpes,sopht.com
Epresspack,Accompagner la digitalisation des éq,37,42,14%,5,"BtoB Tools (LegalTech, EdTech, HRTech, Collaborative Tools, CRM, ERP, ...)",Île-de-France,epresspack.com
Dougs Compta,Expert-comptable en ligne,299,341,14%,42,"BtoB Tools (LegalTech, EdTech, HRTech, Collaborative Tools, CRM, ERP, ...)",Auvergne-Rhône-Alpes,dougs.fr
Sillage,Faites croître votre revenu plus vite avec des agents de signal,22,25,14%,3,"BtoB Tools (LegalTech, EdTech, HRTech, Collaborative Tools, CRM, ERP, ...)",Île-de-France,getsillage.com
900.Care,Arrêtez d'acheter de l'eau.,74,84,14%,10,"Distribution & BtoC (RetailTech, e-commerce, Marketplace, Foodtech, Luxury, TravelTech, ...)",Île-de-France,900.care
Omi,Studio photo virtuel grâce à l'IA 3D,106,121,14%,15,"BtoB Tools (LegalTech, EdTech, HRTech, Collaborative Tools, CRM, ERP, ...)",Île-de-France,omi.so
Retency,Retency conçoit et déploie des procédés algorithmiques d'anonymisation,106,121,14%,15,"BtoB Tools (LegalTech, EdTech, HRTech, Collaborative Tools, CRM, ERP, ...)",Île-de-France,retency.com
Maiaspace,"Concevoir, fabriquer, opérer et commercialiser des solutions compétitives et durables pour le lancement spatial et la mobilité.",176,201,14%,25,"Industry & Supply (Hardware, IoT, Robotics, AR/VR, SpaceTech, Defence, Supply Chain, Mobility & Smart City, AgriTech, ...)",Île-de-France,maia-space.com
Edda (Kushim France),Le logiciel le plus avancé pour le venture capital et le private equity,35,40,14%,5,"BtoB Tools (LegalTech, EdTech, HRTech, Collaborative Tools, CRM, ERP, ...)",Île-de-France,edda.co
Hydratis,Pastilles électrolytes Hydratis pour créer ta boisson – Hydratis,28,32,14%,4,"Industry & Supply (Hardware, IoT, Robotics, AR/VR, SpaceTech, Defence, Supply Chain, Mobility & Smart City, AgriTech, ...)",Île-de-France,hydratis.co
Optera,À vos côtés pour relever vos défis énergétiques !,14,16,14%,2,"Impact (GreenTech, Decarbonation, Energy, Non profit, ...)",Nouvelle-Aquitaine,optera.fr
Giskard,"Plateforme de tests automatisés pour sécuriser en continu les agents LLM, évitant hallucinations et problèmes de sécurité en production.",22,25,14%,3,"BtoB Tools (LegalTech, EdTech, HRTech, Collaborative Tools, CRM, ERP, ...)",Île-de-France,giskard.ai
Spimed-Ai,"Analyse CCTA par IA : plus intelligente, plus rapide, qui sauve des vies",21,24,14%,3,"Entertainment (Telecom, Media, Sport, Gaming / Bet, Social Network, ...)",Île-de-France,spimed-ai.com
Ebg,"Rejoignez la communauté qui réunit décideurs et experts de l'innovation pour partager, apprendre et faire avancer vos projets",269,307,14%,38,"BtoB Tools (LegalTech, EdTech, HRTech, Collaborative Tools, CRM, ERP, ...)",Île-de-France,ebg.net
Worklife,Boostez votre stratégie RH grâce aux avantages salariés.,93,106,14%,13,"FinTech (Payment, InsurTech, Crowdfunding, WealthTech, Proptech, Web3, ...)",Île-de-France,worklife.io
Neo Founders,Solution pour gérer votre épargne simplement,22,25,14%,3,"FinTech (Payment, InsurTech, Crowdfunding, WealthTech, Proptech, Web3, ...)",Île-de-France,yomoni.fr
Media Immo,Développement multimédias - Media Immo est spécialisé dans la génération d'états des risques et pollutions (ERP),50,57,14%,7,"BtoB Tools (LegalTech, EdTech, HRTech, Collaborative Tools, CRM, ERP, ...)",Île-de-France,media-immo.fr
Geodaisics,L’intelligence artificielle générative,14,16,14%,2,"HealthTech (Health Services, MedTech, Pharma, BioTech, Mental Health, ...)",Auvergne-Rhône-Alpes,geodaisics.com
Faume,Votre solution de seconde main tout-en-un,44,50,14%,6,"BtoB Tools (LegalTech, EdTech, HRTech, Collaborative Tools, CRM, ERP, ...)",Île-de-France,faume.co
Dioxycle,Repenser les émissions et remplacer les énergies fossiles,35,40,14%,5,"Industry & Supply (Hardware, IoT, Robotics, AR/VR, SpaceTech, Defence, Supply Chain, Mobility & Smart City, AgriTech, ...)",Île-de-France,dioxycle.com
Cba Informatique Libérale,CBA informatique libérale : l'abécédaire du digital pour les métiers de la santé en libéral,218,249,14%,31,"BtoB Tools (LegalTech, EdTech, HRTech, Collaborative Tools, CRM, ERP, ...)",Provence-Alpes-Côte d’Azur,cbainfo.fr
Najar,"Transformer les achats IT en avantage stratégique grâce à l’IA, aux données et à l’expertise",79,90,14%,11,"FinTech (Payment, InsurTech, Crowdfunding, WealthTech, Proptech, Web3, ...)",Île-de-France,Najar.ai
Kombo,"Comparez les billets de train SNCF, les avions et 200 compagnies de bus",36,41,14%,5,"BtoB Tools (LegalTech, EdTech, HRTech, Collaborative Tools, CRM, ERP, ...)",Île-de-France,kombo.co
Sweep,Logiciel aidant les entreprises à suivre et agir sur leurs émissions ESG et carbone,88,100,14%,12,"BtoB Tools (LegalTech, EdTech, HRTech, Collaborative Tools, CRM, ERP, ...)",Île-de-France,sweep.net
Planisware,éditeur de logiciel de PPM,748,850,14%,102,"BtoB Tools (LegalTech, EdTech, HRTech, Collaborative Tools, CRM, ERP, ...)",Île-de-France,planisware.com
Hublo,Pressing à domicile | votre pressing éco-responsable livré à Paris - Hublo,344,390,13%,46,"BtoB Tools (LegalTech, EdTech, HRTech, Collaborative Tools, CRM, ERP, ...)",Île-de-France,hublo.eu
Cognyx,Construire du hardware à la vitesse du software.,15,17,13%,2,"BtoB Tools (LegalTech, EdTech, HRTech, Collaborative Tools, CRM, ERP, ...)",Île-de-France,cognyx.io
Web Geo Services,Google Maps - web geo services - votre partenaire cartes UK n°1,32,36,13%,4,"BtoB Tools (LegalTech, EdTech, HRTech, Collaborative Tools, CRM, ERP, ...)",Île-de-France,webgeoservices.com
Ubikap,Outil indispensable en droit des sociétés : la plateforme Ubikap,15,17,13%,2,"BtoB Tools (LegalTech, EdTech, HRTech, Collaborative Tools, CRM, ERP, ...)",Auvergne-Rhône-Alpes,ubikap.com
Opopop,Colis réemployables pour des livraisons zéro déchet,15,17,13%,2,"Impact (GreenTech, Decarbonation, Energy, Non profit, ...)",Auvergne-Rhône-Alpes,opopop.co
3D Prod,"Impression 3D en ligne, prototypage rapide",15,17,13%,2,"Industry & Supply (Hardware, IoT, Robotics, AR/VR, SpaceTech, Defence, Supply Chain, Mobility & Smart City, AgriTech, ...)",Grand Est,3dprod.com
Revcoo,Rejoignez le mouvement du refroidissement,16,18,13%,2,"Impact (GreenTech, Decarbonation, Energy, Non profit, ...)",Auvergne-Rhône-Alpes,revcoo.com
Limatech,Batteries lithium pour l’aéronautique et la défense,40,45,13%,5,"Industry & Supply (Hardware, IoT, Robotics, AR/VR, SpaceTech, Defence, Supply Chain, Mobility & Smart City, AgriTech, ...)",Auvergne-Rhône-Alpes,limatech.group
Oxeva Sas,Oxeva propose des solutions d'hébergement infogéré en cloud,15,17,13%,2,"BtoB Tools (LegalTech, EdTech, HRTech, Collaborative Tools, CRM, ERP, ...)",Île-de-France,oxeva.fr
Outsight,"Notre plateforme logicielle d’IA spatiale délivre des insights uniques pour optimiser les opérations, améliorer l’expérience visiteurs et renforcer la sécurité",100,113,13%,13,"BtoB Tools (LegalTech, EdTech, HRTech, Collaborative Tools, CRM, ERP, ...)",Île-de-France,outsight.tech
Choosemycompany,Avis certifiés,79,89,13%,10,"BtoB Tools (LegalTech, EdTech, HRTech, Collaborative Tools, CRM, ERP, ...)",Île-de-France,capgemini-consulting.com
Aitenders,Nous transformons des documents contractuels complexes d’appels d’offres et de projets en intelligence,24,27,13%,3,"BtoB Tools (LegalTech, EdTech, HRTech, Collaborative Tools, CRM, ERP, ...)",Auvergne-Rhône-Alpes,aitenders.com
Adacore,"Outils pour le développement à haute intégrité en Ada/Spark, C/C++ et Rust",142,161,13%,19,"BtoB Tools (LegalTech, EdTech, HRTech, Collaborative Tools, CRM, ERP, ...)",Île-de-France,adacore.com
Happydemics,Le moteur de croissance des résultats de marque,68,77,13%,9,"BtoB Tools (LegalTech, EdTech, HRTech, Collaborative Tools, CRM, ERP, ...)",Île-de-France,happydemics.com
Antvoice,IA programmatique qui combine cookie tiers et cookieless,16,18,13%,2,"MarTech (Ad-Tech, Marketing Automation, CRM, DMP & Analytics, SEO, ...)",Île-de-France,antvoice.com
Empowill,Logiciel RH spécialiste du parcours collaborateur,31,35,13%,4,"BtoB Tools (LegalTech, EdTech, HRTech, Collaborative Tools, CRM, ERP, ...)",Île-de-France,empowill.com
Kiosk,La plateforme culturelle des entreprises et des salariés,15,17,13%,2,"BtoB Tools (LegalTech, EdTech, HRTech, Collaborative Tools, CRM, ERP, ...)",Île-de-France,meetkiosk.com
Manty,Solutions intelligentes pour les administrations de demain,52,58,12%,6,"BtoB Tools (LegalTech, EdTech, HRTech, Collaborative Tools, CRM, ERP, ...)",Île-de-France,manty.eu
Beeldi,"Les incontournables de l'approche immobilière liée à la maintenance: diagnostic, réglementation, plan",25,28,12%,3,"FinTech (Payment, InsurTech, Crowdfunding, WealthTech, Proptech, Web3, ...)",Île-de-France,beeldi.com
Madbox,Gaming,126,141,12%,15,"Entertainment (Telecom, Media, Sport, Gaming / Bet, Social Network, ...)",Île-de-France,madboxgames.io
Scalizer,Tirez le meilleur de vos systèmes CRM et ERP,27,30,12%,3,"BtoB Tools (LegalTech, EdTech, HRTech, Collaborative Tools, CRM, ERP, ...)",Pays de la Loire,scalizer.fr
Moka.Care,L’allié santé mentale de votre organisation,55,62,12%,7,"HealthTech (Health Services, MedTech, Pharma, BioTech, Mental Health, ...)",Île-de-France,moka.care
Lakaa,Le dispositif de référence des entreprises multi-sites pour vos actions à impact.,26,29,12%,3,"Impact (GreenTech, Decarbonation, Energy, Non profit, ...)",Île-de-France,lakaa.io
Qwarry,La seule plateforme d'IA omnicanale,41,46,12%,5,"MarTech (Ad-Tech, Marketing Automation, CRM, DMP & Analytics, SEO, ...)",Île-de-France,qwarry.com
Charles.co,"Solutions complètes, efficaces et personnalisées pour votre santé au quotidien.",17,19,12%,2,"HealthTech (Health Services, MedTech, Pharma, BioTech, Mental Health, ...)",Île-de-France,Charles.co
Winamax,Paris sportifs. Poker en ligne.,379,425,12%,46,"Entertainment (Telecom, Media, Sport, Gaming / Bet, Social Network, ...)",Île-de-France,winamax.fr
Money Walkie,Le moyen de paiement préféré des enfants et des ados,34,38,12%,4,"FinTech (Payment, InsurTech, Crowdfunding, WealthTech, Proptech, Web3, ...)",Île-de-France,moneywalkie.com
Tilt Energy,Révélez tout le potentiel de la flexibilité électrique,17,19,12%,2,"BtoB Tools (LegalTech, EdTech, HRTech, Collaborative Tools, CRM, ERP, ...)",Île-de-France,tilt-energy.com
Adagio,Adtech pour optimiser la demande pour les annoncerus,74,83,12%,9,"MarTech (Ad-Tech, Marketing Automation, CRM, DMP & Analytics, SEO, ...)",Occitanie,adagio.io
Hexa,Startup studio.,27,30,11%,3,"BtoB Tools (LegalTech, EdTech, HRTech, Collaborative Tools, CRM, ERP, ...)",Île-de-France,hexa.com
Onepilot,Redéfinir l’externalisation de l’expérience client,87,97,11%,10,"Distribution & BtoC (RetailTech, e-commerce, Marketplace, Foodtech, Luxury, TravelTech, ...)",Île-de-France,onepilot.co